



    ====================ART====================
    ====================ART====================
    ====================ART====================
             ART_Illumina (2008-2016)          
             ART_Illumina (2008-2016)          
             ART_Illumina (2008-2016)          
    ====================ART====================
          Q Version 2.5.8 (June 6, 2016)       
             ART_Illumina (2008-2016)          
          Q Version 2.5.8 (June 6, 2016)       
          Q Version 2.5.8 (June 6, 2016)       
     Contact: Weichun Huang <whduke@gmail.com> 
     Contact: Weichun Huang <whduke@gmail.com> 
    -------------------------------------------
    -------------------------------------------
          Q Version 2.5.8 (June 6, 2016)       
     Contact: Weichun Huang <whduke@gmail.com> 


     Contact: Weichun Huang <whduke@gmail.com> 
    -------------------------------------------
    -------------------------------------------



    ====================ART====================
             ART_Illumina (2008-2016)          
          Q Version 2.5.8 (June 6, 2016)       
     Contact: Weichun Huang <whduke@gmail.com> 
    -------------------------------------------





    ====================ART====================
    ====================ART====================
             ART_Illumina (2008-2016)          
             ART_Illumina (2008-2016)          
          Q Version 2.5.8 (June 6, 2016)       
    ====================ART====================
    ====================ART====================
             ART_Illumina (2008-2016)          
          Q Version 2.5.8 (June 6, 2016)       
     Contact: Weichun Huang <whduke@gmail.com> 
             ART_Illumina (2008-2016)          
          Q Version 2.5.8 (June 6, 2016)       
     Contact: Weichun Huang <whduke@gmail.com> 
    -------------------------------------------
          Q Version 2.5.8 (June 6, 2016)       
     Contact: Weichun Huang <whduke@gmail.com> 
    -------------------------------------------
    -------------------------------------------

     Contact: Weichun Huang <whduke@gmail.com> 


    -------------------------------------------


    ====================ART====================
             ART_Illumina (2008-2016)          
          Q Version 2.5.8 (June 6, 2016)       
     Contact: Weichun Huang <whduke@gmail.com> 
    -------------------------------------------

                  Paired-end sequencing simulation

Total CPU time used: 5.96273

The random seed for the run: 1749552048

Parameters used during run
	Read Length:	150
	Genome masking 'N' cutoff frequency: 	1 in 150
	Fold Coverage:            1X
	Mean Fragment Length:     200
	Standard Deviation:       10
	Profile Type:             Combined
	ID Tag:                   

Quality Profile(s)
	First Read:   HiSeq 2500 Length 150 R1 (built-in profile) 
	First Read:   HiSeq 2500 Length 150 R2 (built-in profile) 

Output files

  FASTQ Sequence Files:
	 the 1st reads: ../3rd_test_coal3/cellAmpSeq/amplicon_seq_depth20/1.5Mb/MDA/sim3/subset1.fq
	 the 2nd reads: ../3rd_test_coal3/cellAmpSeq/amplicon_seq_depth20/1.5Mb/MDA/sim3/subset2.fq

  ALN Alignment Files:
	 the 1st reads: ../3rd_test_coal3/cellAmpSeq/amplicon_seq_depth20/1.5Mb/MDA/sim3/subset1.aln
	 the 2nd reads: ../3rd_test_coal3/cellAmpSeq/amplicon_seq_depth20/1.5Mb/MDA/sim3/subset2.aln

                  Paired-end sequencing simulation

Total CPU time used: 6.00939

The random seed for the run: 1749552048

Parameters used during run
	Read Length:	150
	Genome masking 'N' cutoff frequency: 	1 in 150
	Fold Coverage:            1X
	Mean Fragment Length:     200
	Standard Deviation:       10
	Profile Type:             Combined
	ID Tag:                   

Quality Profile(s)
	First Read:   HiSeq 2500 Length 150 R1 (built-in profile) 
	First Read:   HiSeq 2500 Length 150 R2 (built-in profile) 

Output files

  FASTQ Sequence Files:
	 the 1st reads: ../3rd_test_coal3/cellAmpSeq/amplicon_seq_depth20/1.5Mb/MDA/sim4/subset1.fq
	 the 2nd reads: ../3rd_test_coal3/cellAmpSeq/amplicon_seq_depth20/1.5Mb/MDA/sim4/subset2.fq

  ALN Alignment Files:
	 the 1st reads: ../3rd_test_coal3/cellAmpSeq/amplicon_seq_depth20/1.5Mb/MDA/sim4/subset1.aln
	 the 2nd reads: ../3rd_test_coal3/cellAmpSeq/amplicon_seq_depth20/1.5Mb/MDA/sim4/subset2.aln

                  Paired-end sequencing simulation

Total CPU time used: 6.05411

The random seed for the run: 1749552048

Parameters used during run
	Read Length:	150
	Genome masking 'N' cutoff frequency: 	1 in 150
	Fold Coverage:            1X
	Mean Fragment Length:     200
	Standard Deviation:       10
	Profile Type:             Combined
	ID Tag:                   

Quality Profile(s)
	First Read:   HiSeq 2500 Length 150 R1 (built-in profile) 
	First Read:   HiSeq 2500 Length 150 R2 (built-in profile) 

Output files

  FASTQ Sequence Files:
	 the 1st reads: ../3rd_test_coal3/cellAmpSeq/amplicon_seq_depth20/1.5Mb/MDA/sim10/subset1.fq
	 the 2nd reads: ../3rd_test_coal3/cellAmpSeq/amplicon_seq_depth20/1.5Mb/MDA/sim10/subset2.fq

  ALN Alignment Files:
	 the 1st reads: ../3rd_test_coal3/cellAmpSeq/amplicon_seq_depth20/1.5Mb/MDA/sim10/subset1.aln
	 the 2nd reads: ../3rd_test_coal3/cellAmpSeq/amplicon_seq_depth20/1.5Mb/MDA/sim10/subset2.aln

                  Paired-end sequencing simulation

Total CPU time used: 6.2317

The random seed for the run: 1749552048

Parameters used during run
	Read Length:	150
	Genome masking 'N' cutoff frequency: 	1 in 150
	Fold Coverage:            1X
	Mean Fragment Length:     200
	Standard Deviation:       10
	Profile Type:             Combined
	ID Tag:                   

Quality Profile(s)
	First Read:   HiSeq 2500 Length 150 R1 (built-in profile) 
	First Read:   HiSeq 2500 Length 150 R2 (built-in profile) 

Output files

  FASTQ Sequence Files:
	 the 1st reads: ../3rd_test_coal3/cellAmpSeq/amplicon_seq_depth20/1.5Mb/MDA/sim7/subset1.fq
	 the 2nd reads: ../3rd_test_coal3/cellAmpSeq/amplicon_seq_depth20/1.5Mb/MDA/sim7/subset2.fq

  ALN Alignment Files:
	 the 1st reads: ../3rd_test_coal3/cellAmpSeq/amplicon_seq_depth20/1.5Mb/MDA/sim7/subset1.aln
	 the 2nd reads: ../3rd_test_coal3/cellAmpSeq/amplicon_seq_depth20/1.5Mb/MDA/sim7/subset2.aln

                  Paired-end sequencing simulation

Total CPU time used: 6.24646

The random seed for the run: 1749552048

Parameters used during run
	Read Length:	150
	Genome masking 'N' cutoff frequency: 	1 in 150
	Fold Coverage:            1X
	Mean Fragment Length:     200
	Standard Deviation:       10
	Profile Type:             Combined
	ID Tag:                   

Quality Profile(s)
	First Read:   HiSeq 2500 Length 150 R1 (built-in profile) 
	First Read:   HiSeq 2500 Length 150 R2 (built-in profile) 

Output files

  FASTQ Sequence Files:
	 the 1st reads: ../3rd_test_coal3/cellAmpSeq/amplicon_seq_depth20/1.5Mb/MDA/sim9/subset1.fq
	 the 2nd reads: ../3rd_test_coal3/cellAmpSeq/amplicon_seq_depth20/1.5Mb/MDA/sim9/subset2.fq

  ALN Alignment Files:
	 the 1st reads: ../3rd_test_coal3/cellAmpSeq/amplicon_seq_depth20/1.5Mb/MDA/sim9/subset1.aln
	 the 2nd reads: ../3rd_test_coal3/cellAmpSeq/amplicon_seq_depth20/1.5Mb/MDA/sim9/subset2.aln

                  Paired-end sequencing simulation

Total CPU time used: 6.26419

The random seed for the run: 1749552048

Parameters used during run
	Read Length:	150
	Genome masking 'N' cutoff frequency: 	1 in 150
	Fold Coverage:            1X
	Mean Fragment Length:     200
	Standard Deviation:       10
	Profile Type:             Combined
	ID Tag:                   

Quality Profile(s)
	First Read:   HiSeq 2500 Length 150 R1 (built-in profile) 
	First Read:   HiSeq 2500 Length 150 R2 (built-in profile) 

Output files

  FASTQ Sequence Files:
	 the 1st reads: ../3rd_test_coal3/cellAmpSeq/amplicon_seq_depth20/1.5Mb/MDA/sim2/subset1.fq
	 the 2nd reads: ../3rd_test_coal3/cellAmpSeq/amplicon_seq_depth20/1.5Mb/MDA/sim2/subset2.fq

  ALN Alignment Files:
	 the 1st reads: ../3rd_test_coal3/cellAmpSeq/amplicon_seq_depth20/1.5Mb/MDA/sim2/subset1.aln
	 the 2nd reads: ../3rd_test_coal3/cellAmpSeq/amplicon_seq_depth20/1.5Mb/MDA/sim2/subset2.aln

                  Paired-end sequencing simulation

Total CPU time used: 6.276

The random seed for the run: 1749552048

Parameters used during run
	Read Length:	150
	Genome masking 'N' cutoff frequency: 	1 in 150
	Fold Coverage:            1X
	Mean Fragment Length:     200
	Standard Deviation:       10
	Profile Type:             Combined
	ID Tag:                   

Quality Profile(s)
	First Read:   HiSeq 2500 Length 150 R1 (built-in profile) 
	First Read:   HiSeq 2500 Length 150 R2 (built-in profile) 

Output files

  FASTQ Sequence Files:
	 the 1st reads: ../3rd_test_coal3/cellAmpSeq/amplicon_seq_depth20/1.5Mb/MDA/sim5/subset1.fq
	 the 2nd reads: ../3rd_test_coal3/cellAmpSeq/amplicon_seq_depth20/1.5Mb/MDA/sim5/subset2.fq

  ALN Alignment Files:
	 the 1st reads: ../3rd_test_coal3/cellAmpSeq/amplicon_seq_depth20/1.5Mb/MDA/sim5/subset1.aln
	 the 2nd reads: ../3rd_test_coal3/cellAmpSeq/amplicon_seq_depth20/1.5Mb/MDA/sim5/subset2.aln

                  Paired-end sequencing simulation

Total CPU time used: 6.29901

The random seed for the run: 1749552048

Parameters used during run
	Read Length:	150
	Genome masking 'N' cutoff frequency: 	1 in 150
	Fold Coverage:            1X
	Mean Fragment Length:     200
	Standard Deviation:       10
	Profile Type:             Combined
	ID Tag:                   

Quality Profile(s)
	First Read:   HiSeq 2500 Length 150 R1 (built-in profile) 
	First Read:   HiSeq 2500 Length 150 R2 (built-in profile) 

Output files

  FASTQ Sequence Files:
	 the 1st reads: ../3rd_test_coal3/cellAmpSeq/amplicon_seq_depth20/1.5Mb/MDA/sim1/subset1.fq
	 the 2nd reads: ../3rd_test_coal3/cellAmpSeq/amplicon_seq_depth20/1.5Mb/MDA/sim1/subset2.fq

  ALN Alignment Files:
	 the 1st reads: ../3rd_test_coal3/cellAmpSeq/amplicon_seq_depth20/1.5Mb/MDA/sim1/subset1.aln
	 the 2nd reads: ../3rd_test_coal3/cellAmpSeq/amplicon_seq_depth20/1.5Mb/MDA/sim1/subset2.aln

                  Paired-end sequencing simulation

Total CPU time used: 6.3523

The random seed for the run: 1749552048

Parameters used during run
	Read Length:	150
	Genome masking 'N' cutoff frequency: 	1 in 150
	Fold Coverage:            1X
	Mean Fragment Length:     200
	Standard Deviation:       10
	Profile Type:             Combined
	ID Tag:                   

Quality Profile(s)
	First Read:   HiSeq 2500 Length 150 R1 (built-in profile) 
	First Read:   HiSeq 2500 Length 150 R2 (built-in profile) 

Output files

  FASTQ Sequence Files:
	 the 1st reads: ../3rd_test_coal3/cellAmpSeq/amplicon_seq_depth20/1.5Mb/MDA/sim6/subset1.fq
	 the 2nd reads: ../3rd_test_coal3/cellAmpSeq/amplicon_seq_depth20/1.5Mb/MDA/sim6/subset2.fq

  ALN Alignment Files:
	 the 1st reads: ../3rd_test_coal3/cellAmpSeq/amplicon_seq_depth20/1.5Mb/MDA/sim6/subset1.aln
	 the 2nd reads: ../3rd_test_coal3/cellAmpSeq/amplicon_seq_depth20/1.5Mb/MDA/sim6/subset2.aln

                  Paired-end sequencing simulation

Total CPU time used: 6.37311

The random seed for the run: 1749552048

Parameters used during run
	Read Length:	150
	Genome masking 'N' cutoff frequency: 	1 in 150
	Fold Coverage:            1X
	Mean Fragment Length:     200
	Standard Deviation:       10
	Profile Type:             Combined
	ID Tag:                   

Quality Profile(s)
	First Read:   HiSeq 2500 Length 150 R1 (built-in profile) 
	First Read:   HiSeq 2500 Length 150 R2 (built-in profile) 

Output files

  FASTQ Sequence Files:
	 the 1st reads: ../3rd_test_coal3/cellAmpSeq/amplicon_seq_depth20/1.5Mb/MDA/sim8/subset1.fq
	 the 2nd reads: ../3rd_test_coal3/cellAmpSeq/amplicon_seq_depth20/1.5Mb/MDA/sim8/subset2.fq

  ALN Alignment Files:
	 the 1st reads: ../3rd_test_coal3/cellAmpSeq/amplicon_seq_depth20/1.5Mb/MDA/sim8/subset1.aln
	 the 2nd reads: ../3rd_test_coal3/cellAmpSeq/amplicon_seq_depth20/1.5Mb/MDA/sim8/subset2.aln

110143 reads; of these:
  110143 (100.00%) were paired; of these:
    54 (0.05%) aligned concordantly 0 times
    110089 (99.95%) aligned concordantly exactly 1 time
    0 (0.00%) aligned concordantly >1 times
    ----
    54 pairs aligned concordantly 0 times; of these:
      1 (1.85%) aligned discordantly 1 time
    ----
    53 pairs aligned 0 times concordantly or discordantly; of these:
      106 mates make up the pairs; of these:
        57 (53.77%) aligned 0 times
        49 (46.23%) aligned exactly 1 time
        0 (0.00%) aligned >1 times
99.97% overall alignment rate
110375 reads; of these:
  110375 (100.00%) were paired; of these:
    58 (0.05%) aligned concordantly 0 times
    110317 (99.95%) aligned concordantly exactly 1 time
    0 (0.00%) aligned concordantly >1 times
    ----
    58 pairs aligned concordantly 0 times; of these:
      0 (0.00%) aligned discordantly 1 time
    ----
    58 pairs aligned 0 times concordantly or discordantly; of these:
      116 mates make up the pairs; of these:
        60 (51.72%) aligned 0 times
        56 (48.28%) aligned exactly 1 time
        0 (0.00%) aligned >1 times
99.97% overall alignment rate
111765 reads; of these:
  111765 (100.00%) were paired; of these:
    47 (0.04%) aligned concordantly 0 times
    111718 (99.96%) aligned concordantly exactly 1 time
    0 (0.00%) aligned concordantly >1 times
    ----
    47 pairs aligned concordantly 0 times; of these:
      0 (0.00%) aligned discordantly 1 time
    ----
    47 pairs aligned 0 times concordantly or discordantly; of these:
      94 mates make up the pairs; of these:
        49 (52.13%) aligned 0 times
        45 (47.87%) aligned exactly 1 time
        0 (0.00%) aligned >1 times
99.98% overall alignment rate
115145 reads; of these:
  115145 (100.00%) were paired; of these:
    59 (0.05%) aligned concordantly 0 times
    115086 (99.95%) aligned concordantly exactly 1 time
    0 (0.00%) aligned concordantly >1 times
    ----
    59 pairs aligned concordantly 0 times; of these:
      0 (0.00%) aligned discordantly 1 time
    ----
    59 pairs aligned 0 times concordantly or discordantly; of these:
      118 mates make up the pairs; of these:
        59 (50.00%) aligned 0 times
        59 (50.00%) aligned exactly 1 time
        0 (0.00%) aligned >1 times
99.97% overall alignment rate
115144 reads; of these:
  115144 (100.00%) were paired; of these:
    55 (0.05%) aligned concordantly 0 times
    115089 (99.95%) aligned concordantly exactly 1 time
    0 (0.00%) aligned concordantly >1 times
    ----
    55 pairs aligned concordantly 0 times; of these:
      0 (0.00%) aligned discordantly 1 time
    ----
    55 pairs aligned 0 times concordantly or discordantly; of these:
      110 mates make up the pairs; of these:
        55 (50.00%) aligned 0 times
        55 (50.00%) aligned exactly 1 time
        0 (0.00%) aligned >1 times
99.98% overall alignment rate
115209 reads; of these:
  115209 (100.00%) were paired; of these:
    56 (0.05%) aligned concordantly 0 times
    115153 (99.95%) aligned concordantly exactly 1 time
    0 (0.00%) aligned concordantly >1 times
    ----
    56 pairs aligned concordantly 0 times; of these:
      0 (0.00%) aligned discordantly 1 time
    ----
    56 pairs aligned 0 times concordantly or discordantly; of these:
      112 mates make up the pairs; of these:
        61 (54.46%) aligned 0 times
        51 (45.54%) aligned exactly 1 time
        0 (0.00%) aligned >1 times
99.97% overall alignment rate
116010 reads; of these:
  116010 (100.00%) were paired; of these:
    55 (0.05%) aligned concordantly 0 times
    115955 (99.95%) aligned concordantly exactly 1 time
    0 (0.00%) aligned concordantly >1 times
    ----
    55 pairs aligned concordantly 0 times; of these:
      1 (1.82%) aligned discordantly 1 time
    ----
    54 pairs aligned 0 times concordantly or discordantly; of these:
      108 mates make up the pairs; of these:
        55 (50.93%) aligned 0 times
        53 (49.07%) aligned exactly 1 time
        0 (0.00%) aligned >1 times
99.98% overall alignment rate
116197 reads; of these:
  116197 (100.00%) were paired; of these:
    58 (0.05%) aligned concordantly 0 times
    116139 (99.95%) aligned concordantly exactly 1 time
    0 (0.00%) aligned concordantly >1 times
    ----
    58 pairs aligned concordantly 0 times; of these:
      1 (1.72%) aligned discordantly 1 time
    ----
    57 pairs aligned 0 times concordantly or discordantly; of these:
      114 mates make up the pairs; of these:
        61 (53.51%) aligned 0 times
        53 (46.49%) aligned exactly 1 time
        0 (0.00%) aligned >1 times
99.97% overall alignment rate
114735 reads; of these:
  114735 (100.00%) were paired; of these:
    62 (0.05%) aligned concordantly 0 times
    114673 (99.95%) aligned concordantly exactly 1 time
    0 (0.00%) aligned concordantly >1 times
    ----
    62 pairs aligned concordantly 0 times; of these:
      0 (0.00%) aligned discordantly 1 time
    ----
    62 pairs aligned 0 times concordantly or discordantly; of these:
      124 mates make up the pairs; of these:
        67 (54.03%) aligned 0 times
        57 (45.97%) aligned exactly 1 time
        0 (0.00%) aligned >1 times
99.97% overall alignment rate
116399 reads; of these:
  116399 (100.00%) were paired; of these:
    55 (0.05%) aligned concordantly 0 times
    116344 (99.95%) aligned concordantly exactly 1 time
    0 (0.00%) aligned concordantly >1 times
    ----
    55 pairs aligned concordantly 0 times; of these:
      0 (0.00%) aligned discordantly 1 time
    ----
    55 pairs aligned 0 times concordantly or discordantly; of these:
      110 mates make up the pairs; of these:
        60 (54.55%) aligned 0 times
        50 (45.45%) aligned exactly 1 time
        0 (0.00%) aligned >1 times
99.97% overall alignment rate
INFO	2025-06-10 15:11:13	AddOrReplaceReadGroups	

********** NOTE: Picard's command line syntax is changing.
**********
********** For more information, please see:
********** 
https://github.com/broadinstitute/picard/wiki/Command-Line-Syntax-Transition-For-Users-(Pre-Transition)
**********
********** The command line looks like this in the new syntax:
**********
**********    AddOrReplaceReadGroups -I ../3rd_test_coal3/cellAmpSeq/amplicon_seq_depth20/1.5Mb/MDA/sim4/subset_sort.bam -O ../3rd_test_coal3/cellAmpSeq/amplicon_seq_depth20/1.5Mb/MDA/sim4/subset_sort_rg.bam -RGID 1 -RGLB library_name -RGPL illumina -RGPU unit1 -RGSM simBulk
**********


15:11:13.629 INFO  NativeLibraryLoader - Loading libgkl_compression.so from jar:file:/home/bahonar/miniconda3/envs/SingleCellSim/share/gatk4-4.3.0.0-0/gatk-package-4.3.0.0-local.jar!/com/intel/gkl/native/libgkl_compression.so
[Tue Jun 10 15:11:13 IRDT 2025] AddOrReplaceReadGroups INPUT=../3rd_test_coal3/cellAmpSeq/amplicon_seq_depth20/1.5Mb/MDA/sim4/subset_sort.bam OUTPUT=../3rd_test_coal3/cellAmpSeq/amplicon_seq_depth20/1.5Mb/MDA/sim4/subset_sort_rg.bam RGID=1 RGLB=library_name RGPL=illumina RGPU=unit1 RGSM=simBulk    VERBOSITY=INFO QUIET=false VALIDATION_STRINGENCY=STRICT COMPRESSION_LEVEL=2 MAX_RECORDS_IN_RAM=500000 CREATE_INDEX=false CREATE_MD5_FILE=false GA4GH_CLIENT_SECRETS=client_secrets.json USE_JDK_DEFLATER=false USE_JDK_INFLATER=false
INFO	2025-06-10 15:11:13	AddOrReplaceReadGroups	

********** NOTE: Picard's command line syntax is changing.
**********
********** For more information, please see:
********** 
https://github.com/broadinstitute/picard/wiki/Command-Line-Syntax-Transition-For-Users-(Pre-Transition)
**********
********** The command line looks like this in the new syntax:
**********
**********    AddOrReplaceReadGroups -I ../3rd_test_coal3/cellAmpSeq/amplicon_seq_depth20/1.5Mb/MDA/sim3/subset_sort.bam -O ../3rd_test_coal3/cellAmpSeq/amplicon_seq_depth20/1.5Mb/MDA/sim3/subset_sort_rg.bam -RGID 1 -RGLB library_name -RGPL illumina -RGPU unit1 -RGSM simBulk
**********


[Tue Jun 10 15:11:13 IRDT 2025] Executing as bahonar@ibbadmin-Super-Server on Linux 6.8.0-59-generic amd64; OpenJDK 64-Bit Server VM 11.0.13+7-b1751.21; Deflater: Intel; Inflater: Intel; Provider GCS is available; Picard version: 4.3.0.0
INFO	2025-06-10 15:11:13	AddOrReplaceReadGroups	Created read-group ID=1 PL=illumina LB=library_name SM=simBulk

15:11:13.771 INFO  NativeLibraryLoader - Loading libgkl_compression.so from jar:file:/home/bahonar/miniconda3/envs/SingleCellSim/share/gatk4-4.3.0.0-0/gatk-package-4.3.0.0-local.jar!/com/intel/gkl/native/libgkl_compression.so
[Tue Jun 10 15:11:13 IRDT 2025] AddOrReplaceReadGroups INPUT=../3rd_test_coal3/cellAmpSeq/amplicon_seq_depth20/1.5Mb/MDA/sim3/subset_sort.bam OUTPUT=../3rd_test_coal3/cellAmpSeq/amplicon_seq_depth20/1.5Mb/MDA/sim3/subset_sort_rg.bam RGID=1 RGLB=library_name RGPL=illumina RGPU=unit1 RGSM=simBulk    VERBOSITY=INFO QUIET=false VALIDATION_STRINGENCY=STRICT COMPRESSION_LEVEL=2 MAX_RECORDS_IN_RAM=500000 CREATE_INDEX=false CREATE_MD5_FILE=false GA4GH_CLIENT_SECRETS=client_secrets.json USE_JDK_DEFLATER=false USE_JDK_INFLATER=false
[Tue Jun 10 15:11:13 IRDT 2025] Executing as bahonar@ibbadmin-Super-Server on Linux 6.8.0-59-generic amd64; OpenJDK 64-Bit Server VM 11.0.13+7-b1751.21; Deflater: Intel; Inflater: Intel; Provider GCS is available; Picard version: 4.3.0.0
INFO	2025-06-10 15:11:13	AddOrReplaceReadGroups	Created read-group ID=1 PL=illumina LB=library_name SM=simBulk

INFO	2025-06-10 15:11:14	AddOrReplaceReadGroups	

********** NOTE: Picard's command line syntax is changing.
**********
********** For more information, please see:
********** 
https://github.com/broadinstitute/picard/wiki/Command-Line-Syntax-Transition-For-Users-(Pre-Transition)
**********
********** The command line looks like this in the new syntax:
**********
**********    AddOrReplaceReadGroups -I ../3rd_test_coal3/cellAmpSeq/amplicon_seq_depth20/1.5Mb/MDA/sim10/subset_sort.bam -O ../3rd_test_coal3/cellAmpSeq/amplicon_seq_depth20/1.5Mb/MDA/sim10/subset_sort_rg.bam -RGID 1 -RGLB library_name -RGPL illumina -RGPU unit1 -RGSM simBulk
**********


15:11:14.151 INFO  NativeLibraryLoader - Loading libgkl_compression.so from jar:file:/home/bahonar/miniconda3/envs/SingleCellSim/share/gatk4-4.3.0.0-0/gatk-package-4.3.0.0-local.jar!/com/intel/gkl/native/libgkl_compression.so
[Tue Jun 10 15:11:14 IRDT 2025] AddOrReplaceReadGroups INPUT=../3rd_test_coal3/cellAmpSeq/amplicon_seq_depth20/1.5Mb/MDA/sim10/subset_sort.bam OUTPUT=../3rd_test_coal3/cellAmpSeq/amplicon_seq_depth20/1.5Mb/MDA/sim10/subset_sort_rg.bam RGID=1 RGLB=library_name RGPL=illumina RGPU=unit1 RGSM=simBulk    VERBOSITY=INFO QUIET=false VALIDATION_STRINGENCY=STRICT COMPRESSION_LEVEL=2 MAX_RECORDS_IN_RAM=500000 CREATE_INDEX=false CREATE_MD5_FILE=false GA4GH_CLIENT_SECRETS=client_secrets.json USE_JDK_DEFLATER=false USE_JDK_INFLATER=false
[Tue Jun 10 15:11:14 IRDT 2025] Executing as bahonar@ibbadmin-Super-Server on Linux 6.8.0-59-generic amd64; OpenJDK 64-Bit Server VM 11.0.13+7-b1751.21; Deflater: Intel; Inflater: Intel; Provider GCS is available; Picard version: 4.3.0.0
INFO	2025-06-10 15:11:14	AddOrReplaceReadGroups	Created read-group ID=1 PL=illumina LB=library_name SM=simBulk

[Tue Jun 10 15:11:15 IRDT 2025] picard.sam.AddOrReplaceReadGroups done. Elapsed time: 0.03 minutes.
Runtime.totalMemory()=2826960896
Tool returned:
0
[Tue Jun 10 15:11:15 IRDT 2025] picard.sam.AddOrReplaceReadGroups done. Elapsed time: 0.03 minutes.
Runtime.totalMemory()=2936012800
Tool returned:
0
Using GATK jar /home/bahonar/miniconda3/envs/SingleCellSim/share/gatk4-4.3.0.0-0/gatk-package-4.3.0.0-local.jar
Running:
    java -Dsamjdk.use_async_io_read_samtools=false -Dsamjdk.use_async_io_write_samtools=true -Dsamjdk.use_async_io_write_tribble=false -Dsamjdk.compression_level=2 -jar /home/bahonar/miniconda3/envs/SingleCellSim/share/gatk4-4.3.0.0-0/gatk-package-4.3.0.0-local.jar AddOrReplaceReadGroups I=../3rd_test_coal3/cellAmpSeq/amplicon_seq_depth20/1.5Mb/MDA/sim3/subset_sort.bam O=../3rd_test_coal3/cellAmpSeq/amplicon_seq_depth20/1.5Mb/MDA/sim3/subset_sort_rg.bam RGID=1 RGLB=library_name RGPL=illumina RGPU=unit1 RGSM=simBulk
Using GATK jar /home/bahonar/miniconda3/envs/SingleCellSim/share/gatk4-4.3.0.0-0/gatk-package-4.3.0.0-local.jar
Running:
    java -Dsamjdk.use_async_io_read_samtools=false -Dsamjdk.use_async_io_write_samtools=true -Dsamjdk.use_async_io_write_tribble=false -Dsamjdk.compression_level=2 -jar /home/bahonar/miniconda3/envs/SingleCellSim/share/gatk4-4.3.0.0-0/gatk-package-4.3.0.0-local.jar AddOrReplaceReadGroups I=../3rd_test_coal3/cellAmpSeq/amplicon_seq_depth20/1.5Mb/MDA/sim4/subset_sort.bam O=../3rd_test_coal3/cellAmpSeq/amplicon_seq_depth20/1.5Mb/MDA/sim4/subset_sort_rg.bam RGID=1 RGLB=library_name RGPL=illumina RGPU=unit1 RGSM=simBulk
[Tue Jun 10 15:11:15 IRDT 2025] picard.sam.AddOrReplaceReadGroups done. Elapsed time: 0.03 minutes.
Runtime.totalMemory()=2713714688
Tool returned:
0
Using GATK jar /home/bahonar/miniconda3/envs/SingleCellSim/share/gatk4-4.3.0.0-0/gatk-package-4.3.0.0-local.jar
Running:
    java -Dsamjdk.use_async_io_read_samtools=false -Dsamjdk.use_async_io_write_samtools=true -Dsamjdk.use_async_io_write_tribble=false -Dsamjdk.compression_level=2 -jar /home/bahonar/miniconda3/envs/SingleCellSim/share/gatk4-4.3.0.0-0/gatk-package-4.3.0.0-local.jar AddOrReplaceReadGroups I=../3rd_test_coal3/cellAmpSeq/amplicon_seq_depth20/1.5Mb/MDA/sim10/subset_sort.bam O=../3rd_test_coal3/cellAmpSeq/amplicon_seq_depth20/1.5Mb/MDA/sim10/subset_sort_rg.bam RGID=1 RGLB=library_name RGPL=illumina RGPU=unit1 RGSM=simBulk
INFO	2025-06-10 15:11:16	AddOrReplaceReadGroups	

********** NOTE: Picard's command line syntax is changing.
**********
********** For more information, please see:
********** 
https://github.com/broadinstitute/picard/wiki/Command-Line-Syntax-Transition-For-Users-(Pre-Transition)
**********
********** The command line looks like this in the new syntax:
**********
**********    AddOrReplaceReadGroups -I ../3rd_test_coal3/cellAmpSeq/amplicon_seq_depth20/1.5Mb/MDA/sim9/subset_sort.bam -O ../3rd_test_coal3/cellAmpSeq/amplicon_seq_depth20/1.5Mb/MDA/sim9/subset_sort_rg.bam -RGID 1 -RGLB library_name -RGPL illumina -RGPU unit1 -RGSM simBulk
**********


15:11:16.704 INFO  NativeLibraryLoader - Loading libgkl_compression.so from jar:file:/home/bahonar/miniconda3/envs/SingleCellSim/share/gatk4-4.3.0.0-0/gatk-package-4.3.0.0-local.jar!/com/intel/gkl/native/libgkl_compression.so
[Tue Jun 10 15:11:16 IRDT 2025] AddOrReplaceReadGroups INPUT=../3rd_test_coal3/cellAmpSeq/amplicon_seq_depth20/1.5Mb/MDA/sim9/subset_sort.bam OUTPUT=../3rd_test_coal3/cellAmpSeq/amplicon_seq_depth20/1.5Mb/MDA/sim9/subset_sort_rg.bam RGID=1 RGLB=library_name RGPL=illumina RGPU=unit1 RGSM=simBulk    VERBOSITY=INFO QUIET=false VALIDATION_STRINGENCY=STRICT COMPRESSION_LEVEL=2 MAX_RECORDS_IN_RAM=500000 CREATE_INDEX=false CREATE_MD5_FILE=false GA4GH_CLIENT_SECRETS=client_secrets.json USE_JDK_DEFLATER=false USE_JDK_INFLATER=false
[Tue Jun 10 15:11:16 IRDT 2025] Executing as bahonar@ibbadmin-Super-Server on Linux 6.8.0-59-generic amd64; OpenJDK 64-Bit Server VM 11.0.13+7-b1751.21; Deflater: Intel; Inflater: Intel; Provider GCS is available; Picard version: 4.3.0.0
INFO	2025-06-10 15:11:16	AddOrReplaceReadGroups	

********** NOTE: Picard's command line syntax is changing.
**********
********** For more information, please see:
********** 
https://github.com/broadinstitute/picard/wiki/Command-Line-Syntax-Transition-For-Users-(Pre-Transition)
**********
********** The command line looks like this in the new syntax:
**********
**********    AddOrReplaceReadGroups -I ../3rd_test_coal3/cellAmpSeq/amplicon_seq_depth20/1.5Mb/MDA/sim6/subset_sort.bam -O ../3rd_test_coal3/cellAmpSeq/amplicon_seq_depth20/1.5Mb/MDA/sim6/subset_sort_rg.bam -RGID 1 -RGLB library_name -RGPL illumina -RGPU unit1 -RGSM simBulk
**********


INFO	2025-06-10 15:11:16	AddOrReplaceReadGroups	

********** NOTE: Picard's command line syntax is changing.
**********
********** For more information, please see:
********** 
https://github.com/broadinstitute/picard/wiki/Command-Line-Syntax-Transition-For-Users-(Pre-Transition)
**********
********** The command line looks like this in the new syntax:
**********
**********    AddOrReplaceReadGroups -I ../3rd_test_coal3/cellAmpSeq/amplicon_seq_depth20/1.5Mb/MDA/sim8/subset_sort.bam -O ../3rd_test_coal3/cellAmpSeq/amplicon_seq_depth20/1.5Mb/MDA/sim8/subset_sort_rg.bam -RGID 1 -RGLB library_name -RGPL illumina -RGPU unit1 -RGSM simBulk
**********


INFO	2025-06-10 15:11:16	AddOrReplaceReadGroups	Created read-group ID=1 PL=illumina LB=library_name SM=simBulk

15:11:16.915 INFO  NativeLibraryLoader - Loading libgkl_compression.so from jar:file:/home/bahonar/miniconda3/envs/SingleCellSim/share/gatk4-4.3.0.0-0/gatk-package-4.3.0.0-local.jar!/com/intel/gkl/native/libgkl_compression.so
INFO	2025-06-10 15:11:16	AddOrReplaceReadGroups	

********** NOTE: Picard's command line syntax is changing.
**********
********** For more information, please see:
********** 
https://github.com/broadinstitute/picard/wiki/Command-Line-Syntax-Transition-For-Users-(Pre-Transition)
**********
********** The command line looks like this in the new syntax:
**********
**********    AddOrReplaceReadGroups -I ../3rd_test_coal3/cellAmpSeq/amplicon_seq_depth20/1.5Mb/MDA/sim2/subset_sort.bam -O ../3rd_test_coal3/cellAmpSeq/amplicon_seq_depth20/1.5Mb/MDA/sim2/subset_sort_rg.bam -RGID 1 -RGLB library_name -RGPL illumina -RGPU unit1 -RGSM simBulk
**********


15:11:16.931 INFO  NativeLibraryLoader - Loading libgkl_compression.so from jar:file:/home/bahonar/miniconda3/envs/SingleCellSim/share/gatk4-4.3.0.0-0/gatk-package-4.3.0.0-local.jar!/com/intel/gkl/native/libgkl_compression.so
[Tue Jun 10 15:11:16 IRDT 2025] AddOrReplaceReadGroups INPUT=../3rd_test_coal3/cellAmpSeq/amplicon_seq_depth20/1.5Mb/MDA/sim8/subset_sort.bam OUTPUT=../3rd_test_coal3/cellAmpSeq/amplicon_seq_depth20/1.5Mb/MDA/sim8/subset_sort_rg.bam RGID=1 RGLB=library_name RGPL=illumina RGPU=unit1 RGSM=simBulk    VERBOSITY=INFO QUIET=false VALIDATION_STRINGENCY=STRICT COMPRESSION_LEVEL=2 MAX_RECORDS_IN_RAM=500000 CREATE_INDEX=false CREATE_MD5_FILE=false GA4GH_CLIENT_SECRETS=client_secrets.json USE_JDK_DEFLATER=false USE_JDK_INFLATER=false
[Tue Jun 10 15:11:16 IRDT 2025] AddOrReplaceReadGroups INPUT=../3rd_test_coal3/cellAmpSeq/amplicon_seq_depth20/1.5Mb/MDA/sim6/subset_sort.bam OUTPUT=../3rd_test_coal3/cellAmpSeq/amplicon_seq_depth20/1.5Mb/MDA/sim6/subset_sort_rg.bam RGID=1 RGLB=library_name RGPL=illumina RGPU=unit1 RGSM=simBulk    VERBOSITY=INFO QUIET=false VALIDATION_STRINGENCY=STRICT COMPRESSION_LEVEL=2 MAX_RECORDS_IN_RAM=500000 CREATE_INDEX=false CREATE_MD5_FILE=false GA4GH_CLIENT_SECRETS=client_secrets.json USE_JDK_DEFLATER=false USE_JDK_INFLATER=false
15:11:17.000 INFO  NativeLibraryLoader - Loading libgkl_compression.so from jar:file:/home/bahonar/miniconda3/envs/SingleCellSim/share/gatk4-4.3.0.0-0/gatk-package-4.3.0.0-local.jar!/com/intel/gkl/native/libgkl_compression.so
[Tue Jun 10 15:11:17 IRDT 2025] AddOrReplaceReadGroups INPUT=../3rd_test_coal3/cellAmpSeq/amplicon_seq_depth20/1.5Mb/MDA/sim2/subset_sort.bam OUTPUT=../3rd_test_coal3/cellAmpSeq/amplicon_seq_depth20/1.5Mb/MDA/sim2/subset_sort_rg.bam RGID=1 RGLB=library_name RGPL=illumina RGPU=unit1 RGSM=simBulk    VERBOSITY=INFO QUIET=false VALIDATION_STRINGENCY=STRICT COMPRESSION_LEVEL=2 MAX_RECORDS_IN_RAM=500000 CREATE_INDEX=false CREATE_MD5_FILE=false GA4GH_CLIENT_SECRETS=client_secrets.json USE_JDK_DEFLATER=false USE_JDK_INFLATER=false
[Tue Jun 10 15:11:17 IRDT 2025] Executing as bahonar@ibbadmin-Super-Server on Linux 6.8.0-59-generic amd64; OpenJDK 64-Bit Server VM 11.0.13+7-b1751.21; Deflater: Intel; Inflater: Intel; Provider GCS is available; Picard version: 4.3.0.0
INFO	2025-06-10 15:11:17	AddOrReplaceReadGroups	Created read-group ID=1 PL=illumina LB=library_name SM=simBulk

[Tue Jun 10 15:11:17 IRDT 2025] Executing as bahonar@ibbadmin-Super-Server on Linux 6.8.0-59-generic amd64; OpenJDK 64-Bit Server VM 11.0.13+7-b1751.21; Deflater: Intel; Inflater: Intel; Provider GCS is available; Picard version: 4.3.0.0
INFO	2025-06-10 15:11:17	AddOrReplaceReadGroups	

********** NOTE: Picard's command line syntax is changing.
**********
********** For more information, please see:
********** 
https://github.com/broadinstitute/picard/wiki/Command-Line-Syntax-Transition-For-Users-(Pre-Transition)
**********
********** The command line looks like this in the new syntax:
**********
**********    AddOrReplaceReadGroups -I ../3rd_test_coal3/cellAmpSeq/amplicon_seq_depth20/1.5Mb/MDA/sim1/subset_sort.bam -O ../3rd_test_coal3/cellAmpSeq/amplicon_seq_depth20/1.5Mb/MDA/sim1/subset_sort_rg.bam -RGID 1 -RGLB library_name -RGPL illumina -RGPU unit1 -RGSM simBulk
**********


[Tue Jun 10 15:11:17 IRDT 2025] Executing as bahonar@ibbadmin-Super-Server on Linux 6.8.0-59-generic amd64; OpenJDK 64-Bit Server VM 11.0.13+7-b1751.21; Deflater: Intel; Inflater: Intel; Provider GCS is available; Picard version: 4.3.0.0
INFO	2025-06-10 15:11:17	AddOrReplaceReadGroups	Created read-group ID=1 PL=illumina LB=library_name SM=simBulk

INFO	2025-06-10 15:11:17	AddOrReplaceReadGroups	

********** NOTE: Picard's command line syntax is changing.
**********
********** For more information, please see:
********** 
https://github.com/broadinstitute/picard/wiki/Command-Line-Syntax-Transition-For-Users-(Pre-Transition)
**********
********** The command line looks like this in the new syntax:
**********
**********    AddOrReplaceReadGroups -I ../3rd_test_coal3/cellAmpSeq/amplicon_seq_depth20/1.5Mb/MDA/sim5/subset_sort.bam -O ../3rd_test_coal3/cellAmpSeq/amplicon_seq_depth20/1.5Mb/MDA/sim5/subset_sort_rg.bam -RGID 1 -RGLB library_name -RGPL illumina -RGPU unit1 -RGSM simBulk
**********


INFO	2025-06-10 15:11:17	AddOrReplaceReadGroups	Created read-group ID=1 PL=illumina LB=library_name SM=simBulk

15:11:17.290 INFO  NativeLibraryLoader - Loading libgkl_compression.so from jar:file:/home/bahonar/miniconda3/envs/SingleCellSim/share/gatk4-4.3.0.0-0/gatk-package-4.3.0.0-local.jar!/com/intel/gkl/native/libgkl_compression.so
[Tue Jun 10 15:11:17 IRDT 2025] AddOrReplaceReadGroups INPUT=../3rd_test_coal3/cellAmpSeq/amplicon_seq_depth20/1.5Mb/MDA/sim1/subset_sort.bam OUTPUT=../3rd_test_coal3/cellAmpSeq/amplicon_seq_depth20/1.5Mb/MDA/sim1/subset_sort_rg.bam RGID=1 RGLB=library_name RGPL=illumina RGPU=unit1 RGSM=simBulk    VERBOSITY=INFO QUIET=false VALIDATION_STRINGENCY=STRICT COMPRESSION_LEVEL=2 MAX_RECORDS_IN_RAM=500000 CREATE_INDEX=false CREATE_MD5_FILE=false GA4GH_CLIENT_SECRETS=client_secrets.json USE_JDK_DEFLATER=false USE_JDK_INFLATER=false
15:11:17.354 INFO  NativeLibraryLoader - Loading libgkl_compression.so from jar:file:/home/bahonar/miniconda3/envs/SingleCellSim/share/gatk4-4.3.0.0-0/gatk-package-4.3.0.0-local.jar!/com/intel/gkl/native/libgkl_compression.so
[Tue Jun 10 15:11:17 IRDT 2025] AddOrReplaceReadGroups INPUT=../3rd_test_coal3/cellAmpSeq/amplicon_seq_depth20/1.5Mb/MDA/sim5/subset_sort.bam OUTPUT=../3rd_test_coal3/cellAmpSeq/amplicon_seq_depth20/1.5Mb/MDA/sim5/subset_sort_rg.bam RGID=1 RGLB=library_name RGPL=illumina RGPU=unit1 RGSM=simBulk    VERBOSITY=INFO QUIET=false VALIDATION_STRINGENCY=STRICT COMPRESSION_LEVEL=2 MAX_RECORDS_IN_RAM=500000 CREATE_INDEX=false CREATE_MD5_FILE=false GA4GH_CLIENT_SECRETS=client_secrets.json USE_JDK_DEFLATER=false USE_JDK_INFLATER=false
INFO	2025-06-10 15:11:17	AddOrReplaceReadGroups	

********** NOTE: Picard's command line syntax is changing.
**********
********** For more information, please see:
********** 
https://github.com/broadinstitute/picard/wiki/Command-Line-Syntax-Transition-For-Users-(Pre-Transition)
**********
********** The command line looks like this in the new syntax:
**********
**********    AddOrReplaceReadGroups -I ../3rd_test_coal3/cellAmpSeq/amplicon_seq_depth20/1.5Mb/MDA/sim7/subset_sort.bam -O ../3rd_test_coal3/cellAmpSeq/amplicon_seq_depth20/1.5Mb/MDA/sim7/subset_sort_rg.bam -RGID 1 -RGLB library_name -RGPL illumina -RGPU unit1 -RGSM simBulk
**********


15:11:17.585 INFO  NativeLibraryLoader - Loading libgkl_compression.so from jar:file:/home/bahonar/miniconda3/envs/SingleCellSim/share/gatk4-4.3.0.0-0/gatk-package-4.3.0.0-local.jar!/com/intel/gkl/native/libgkl_compression.so
[Tue Jun 10 15:11:17 IRDT 2025] Executing as bahonar@ibbadmin-Super-Server on Linux 6.8.0-59-generic amd64; OpenJDK 64-Bit Server VM 11.0.13+7-b1751.21; Deflater: Intel; Inflater: Intel; Provider GCS is available; Picard version: 4.3.0.0
[Tue Jun 10 15:11:17 IRDT 2025] Executing as bahonar@ibbadmin-Super-Server on Linux 6.8.0-59-generic amd64; OpenJDK 64-Bit Server VM 11.0.13+7-b1751.21; Deflater: Intel; Inflater: Intel; Provider GCS is available; Picard version: 4.3.0.0
[Tue Jun 10 15:11:17 IRDT 2025] AddOrReplaceReadGroups INPUT=../3rd_test_coal3/cellAmpSeq/amplicon_seq_depth20/1.5Mb/MDA/sim7/subset_sort.bam OUTPUT=../3rd_test_coal3/cellAmpSeq/amplicon_seq_depth20/1.5Mb/MDA/sim7/subset_sort_rg.bam RGID=1 RGLB=library_name RGPL=illumina RGPU=unit1 RGSM=simBulk    VERBOSITY=INFO QUIET=false VALIDATION_STRINGENCY=STRICT COMPRESSION_LEVEL=2 MAX_RECORDS_IN_RAM=500000 CREATE_INDEX=false CREATE_MD5_FILE=false GA4GH_CLIENT_SECRETS=client_secrets.json USE_JDK_DEFLATER=false USE_JDK_INFLATER=false
INFO	2025-06-10 15:11:17	AddOrReplaceReadGroups	Created read-group ID=1 PL=illumina LB=library_name SM=simBulk

INFO	2025-06-10 15:11:17	AddOrReplaceReadGroups	Created read-group ID=1 PL=illumina LB=library_name SM=simBulk

[Tue Jun 10 15:11:17 IRDT 2025] Executing as bahonar@ibbadmin-Super-Server on Linux 6.8.0-59-generic amd64; OpenJDK 64-Bit Server VM 11.0.13+7-b1751.21; Deflater: Intel; Inflater: Intel; Provider GCS is available; Picard version: 4.3.0.0
INFO	2025-06-10 15:11:17	AddOrReplaceReadGroups	Created read-group ID=1 PL=illumina LB=library_name SM=simBulk

[Tue Jun 10 15:11:18 IRDT 2025] picard.sam.AddOrReplaceReadGroups done. Elapsed time: 0.03 minutes.
Runtime.totalMemory()=2701131776
Tool returned:
0
Using GATK jar /home/bahonar/miniconda3/envs/SingleCellSim/share/gatk4-4.3.0.0-0/gatk-package-4.3.0.0-local.jar
Running:
    java -Dsamjdk.use_async_io_read_samtools=false -Dsamjdk.use_async_io_write_samtools=true -Dsamjdk.use_async_io_write_tribble=false -Dsamjdk.compression_level=2 -jar /home/bahonar/miniconda3/envs/SingleCellSim/share/gatk4-4.3.0.0-0/gatk-package-4.3.0.0-local.jar AddOrReplaceReadGroups I=../3rd_test_coal3/cellAmpSeq/amplicon_seq_depth20/1.5Mb/MDA/sim9/subset_sort.bam O=../3rd_test_coal3/cellAmpSeq/amplicon_seq_depth20/1.5Mb/MDA/sim9/subset_sort_rg.bam RGID=1 RGLB=library_name RGPL=illumina RGPU=unit1 RGSM=simBulk
[Tue Jun 10 15:11:19 IRDT 2025] picard.sam.AddOrReplaceReadGroups done. Elapsed time: 0.04 minutes.
Runtime.totalMemory()=3238002688
Tool returned:
0
[Tue Jun 10 15:11:19 IRDT 2025] picard.sam.AddOrReplaceReadGroups done. Elapsed time: 0.04 minutes.
Runtime.totalMemory()=2885681152
Tool returned:
0
[Tue Jun 10 15:11:19 IRDT 2025] picard.sam.AddOrReplaceReadGroups done. Elapsed time: 0.04 minutes.
Runtime.totalMemory()=2805989376
Tool returned:
0
Using GATK jar /home/bahonar/miniconda3/envs/SingleCellSim/share/gatk4-4.3.0.0-0/gatk-package-4.3.0.0-local.jar
Running:
    java -Dsamjdk.use_async_io_read_samtools=false -Dsamjdk.use_async_io_write_samtools=true -Dsamjdk.use_async_io_write_tribble=false -Dsamjdk.compression_level=2 -jar /home/bahonar/miniconda3/envs/SingleCellSim/share/gatk4-4.3.0.0-0/gatk-package-4.3.0.0-local.jar AddOrReplaceReadGroups I=../3rd_test_coal3/cellAmpSeq/amplicon_seq_depth20/1.5Mb/MDA/sim8/subset_sort.bam O=../3rd_test_coal3/cellAmpSeq/amplicon_seq_depth20/1.5Mb/MDA/sim8/subset_sort_rg.bam RGID=1 RGLB=library_name RGPL=illumina RGPU=unit1 RGSM=simBulk
Using GATK jar /home/bahonar/miniconda3/envs/SingleCellSim/share/gatk4-4.3.0.0-0/gatk-package-4.3.0.0-local.jar
Running:
    java -Dsamjdk.use_async_io_read_samtools=false -Dsamjdk.use_async_io_write_samtools=true -Dsamjdk.use_async_io_write_tribble=false -Dsamjdk.compression_level=2 -jar /home/bahonar/miniconda3/envs/SingleCellSim/share/gatk4-4.3.0.0-0/gatk-package-4.3.0.0-local.jar AddOrReplaceReadGroups I=../3rd_test_coal3/cellAmpSeq/amplicon_seq_depth20/1.5Mb/MDA/sim6/subset_sort.bam O=../3rd_test_coal3/cellAmpSeq/amplicon_seq_depth20/1.5Mb/MDA/sim6/subset_sort_rg.bam RGID=1 RGLB=library_name RGPL=illumina RGPU=unit1 RGSM=simBulk
Using GATK jar /home/bahonar/miniconda3/envs/SingleCellSim/share/gatk4-4.3.0.0-0/gatk-package-4.3.0.0-local.jar
Running:
    java -Dsamjdk.use_async_io_read_samtools=false -Dsamjdk.use_async_io_write_samtools=true -Dsamjdk.use_async_io_write_tribble=false -Dsamjdk.compression_level=2 -jar /home/bahonar/miniconda3/envs/SingleCellSim/share/gatk4-4.3.0.0-0/gatk-package-4.3.0.0-local.jar AddOrReplaceReadGroups I=../3rd_test_coal3/cellAmpSeq/amplicon_seq_depth20/1.5Mb/MDA/sim2/subset_sort.bam O=../3rd_test_coal3/cellAmpSeq/amplicon_seq_depth20/1.5Mb/MDA/sim2/subset_sort_rg.bam RGID=1 RGLB=library_name RGPL=illumina RGPU=unit1 RGSM=simBulk
[Tue Jun 10 15:11:19 IRDT 2025] picard.sam.AddOrReplaceReadGroups done. Elapsed time: 0.03 minutes.
Runtime.totalMemory()=3321888768
Tool returned:
0
[Tue Jun 10 15:11:19 IRDT 2025] picard.sam.AddOrReplaceReadGroups done. Elapsed time: 0.04 minutes.
Runtime.totalMemory()=2726297600
Tool returned:
0
Using GATK jar /home/bahonar/miniconda3/envs/SingleCellSim/share/gatk4-4.3.0.0-0/gatk-package-4.3.0.0-local.jar
Running:
    java -Dsamjdk.use_async_io_read_samtools=false -Dsamjdk.use_async_io_write_samtools=true -Dsamjdk.use_async_io_write_tribble=false -Dsamjdk.compression_level=2 -jar /home/bahonar/miniconda3/envs/SingleCellSim/share/gatk4-4.3.0.0-0/gatk-package-4.3.0.0-local.jar AddOrReplaceReadGroups I=../3rd_test_coal3/cellAmpSeq/amplicon_seq_depth20/1.5Mb/MDA/sim5/subset_sort.bam O=../3rd_test_coal3/cellAmpSeq/amplicon_seq_depth20/1.5Mb/MDA/sim5/subset_sort_rg.bam RGID=1 RGLB=library_name RGPL=illumina RGPU=unit1 RGSM=simBulk
Using GATK jar /home/bahonar/miniconda3/envs/SingleCellSim/share/gatk4-4.3.0.0-0/gatk-package-4.3.0.0-local.jar
Running:
    java -Dsamjdk.use_async_io_read_samtools=false -Dsamjdk.use_async_io_write_samtools=true -Dsamjdk.use_async_io_write_tribble=false -Dsamjdk.compression_level=2 -jar /home/bahonar/miniconda3/envs/SingleCellSim/share/gatk4-4.3.0.0-0/gatk-package-4.3.0.0-local.jar AddOrReplaceReadGroups I=../3rd_test_coal3/cellAmpSeq/amplicon_seq_depth20/1.5Mb/MDA/sim1/subset_sort.bam O=../3rd_test_coal3/cellAmpSeq/amplicon_seq_depth20/1.5Mb/MDA/sim1/subset_sort_rg.bam RGID=1 RGLB=library_name RGPL=illumina RGPU=unit1 RGSM=simBulk
[Tue Jun 10 15:11:19 IRDT 2025] picard.sam.AddOrReplaceReadGroups done. Elapsed time: 0.03 minutes.
Runtime.totalMemory()=2994733056
Tool returned:
0
15:11:19.703 INFO  NativeLibraryLoader - Loading libgkl_compression.so from jar:file:/home/bahonar/miniconda3/envs/SingleCellSim/share/gatk4-4.3.0.0-0/gatk-package-4.3.0.0-local.jar!/com/intel/gkl/native/libgkl_compression.so
Using GATK jar /home/bahonar/miniconda3/envs/SingleCellSim/share/gatk4-4.3.0.0-0/gatk-package-4.3.0.0-local.jar
Running:
    java -Dsamjdk.use_async_io_read_samtools=false -Dsamjdk.use_async_io_write_samtools=true -Dsamjdk.use_async_io_write_tribble=false -Dsamjdk.compression_level=2 -jar /home/bahonar/miniconda3/envs/SingleCellSim/share/gatk4-4.3.0.0-0/gatk-package-4.3.0.0-local.jar AddOrReplaceReadGroups I=../3rd_test_coal3/cellAmpSeq/amplicon_seq_depth20/1.5Mb/MDA/sim7/subset_sort.bam O=../3rd_test_coal3/cellAmpSeq/amplicon_seq_depth20/1.5Mb/MDA/sim7/subset_sort_rg.bam RGID=1 RGLB=library_name RGPL=illumina RGPU=unit1 RGSM=simBulk
15:11:19.729 INFO  NativeLibraryLoader - Loading libgkl_compression.so from jar:file:/home/bahonar/miniconda3/envs/SingleCellSim/share/gatk4-4.3.0.0-0/gatk-package-4.3.0.0-local.jar!/com/intel/gkl/native/libgkl_compression.so
15:11:19.867 INFO  HaplotypeCaller - ------------------------------------------------------------
15:11:19.869 INFO  HaplotypeCaller - The Genome Analysis Toolkit (GATK) v4.3.0.0
15:11:19.869 INFO  HaplotypeCaller - For support and documentation go to https://software.broadinstitute.org/gatk/
15:11:19.869 INFO  HaplotypeCaller - Executing as bahonar@ibbadmin-Super-Server on Linux v6.8.0-59-generic amd64
15:11:19.869 INFO  HaplotypeCaller - Java runtime: OpenJDK 64-Bit Server VM v11.0.13+7-b1751.21
15:11:19.870 INFO  HaplotypeCaller - Start Date/Time: June 10, 2025 at 3:11:19 PM IRDT
15:11:19.870 INFO  HaplotypeCaller - ------------------------------------------------------------
15:11:19.870 INFO  HaplotypeCaller - ------------------------------------------------------------
15:11:19.871 INFO  HaplotypeCaller - HTSJDK Version: 3.0.1
15:11:19.871 INFO  HaplotypeCaller - Picard Version: 2.27.5
15:11:19.872 INFO  HaplotypeCaller - Built for Spark Version: 2.4.5
15:11:19.872 INFO  HaplotypeCaller - HTSJDK Defaults.COMPRESSION_LEVEL : 2
15:11:19.872 INFO  HaplotypeCaller - HTSJDK Defaults.USE_ASYNC_IO_READ_FOR_SAMTOOLS : false
15:11:19.872 INFO  HaplotypeCaller - HTSJDK Defaults.USE_ASYNC_IO_WRITE_FOR_SAMTOOLS : true
15:11:19.872 INFO  HaplotypeCaller - HTSJDK Defaults.USE_ASYNC_IO_WRITE_FOR_TRIBBLE : false
15:11:19.872 INFO  HaplotypeCaller - Deflater: IntelDeflater
15:11:19.872 INFO  HaplotypeCaller - Inflater: IntelInflater
15:11:19.872 INFO  HaplotypeCaller - GCS max retries/reopens: 20
15:11:19.873 INFO  HaplotypeCaller - Requester pays: disabled
15:11:19.873 INFO  HaplotypeCaller - Initializing engine
15:11:19.882 INFO  HaplotypeCaller - ------------------------------------------------------------
15:11:19.883 INFO  HaplotypeCaller - The Genome Analysis Toolkit (GATK) v4.3.0.0
15:11:19.883 INFO  HaplotypeCaller - For support and documentation go to https://software.broadinstitute.org/gatk/
15:11:19.883 INFO  HaplotypeCaller - Executing as bahonar@ibbadmin-Super-Server on Linux v6.8.0-59-generic amd64
15:11:19.883 INFO  HaplotypeCaller - Java runtime: OpenJDK 64-Bit Server VM v11.0.13+7-b1751.21
15:11:19.883 INFO  HaplotypeCaller - Start Date/Time: June 10, 2025 at 3:11:19 PM IRDT
15:11:19.883 INFO  HaplotypeCaller - ------------------------------------------------------------
15:11:19.883 INFO  HaplotypeCaller - ------------------------------------------------------------
15:11:19.884 INFO  HaplotypeCaller - HTSJDK Version: 3.0.1
15:11:19.884 INFO  HaplotypeCaller - Picard Version: 2.27.5
15:11:19.884 INFO  HaplotypeCaller - Built for Spark Version: 2.4.5
15:11:19.884 INFO  HaplotypeCaller - HTSJDK Defaults.COMPRESSION_LEVEL : 2
15:11:19.884 INFO  HaplotypeCaller - HTSJDK Defaults.USE_ASYNC_IO_READ_FOR_SAMTOOLS : false
15:11:19.884 INFO  HaplotypeCaller - HTSJDK Defaults.USE_ASYNC_IO_WRITE_FOR_SAMTOOLS : true
15:11:19.884 INFO  HaplotypeCaller - HTSJDK Defaults.USE_ASYNC_IO_WRITE_FOR_TRIBBLE : false
15:11:19.884 INFO  HaplotypeCaller - Deflater: IntelDeflater
15:11:19.884 INFO  HaplotypeCaller - Inflater: IntelInflater
15:11:19.884 INFO  HaplotypeCaller - GCS max retries/reopens: 20
15:11:19.884 INFO  HaplotypeCaller - Requester pays: disabled
15:11:19.884 INFO  HaplotypeCaller - Initializing engine
15:11:20.018 INFO  HaplotypeCaller - Done initializing engine
15:11:20.025 INFO  HaplotypeCallerEngine - Disabling physical phasing, which is supported only for reference-model confidence output
15:11:20.038 INFO  NativeLibraryLoader - Loading libgkl_utils.so from jar:file:/home/bahonar/miniconda3/envs/SingleCellSim/share/gatk4-4.3.0.0-0/gatk-package-4.3.0.0-local.jar!/com/intel/gkl/native/libgkl_utils.so
15:11:20.039 INFO  NativeLibraryLoader - Loading libgkl_pairhmm_omp.so from jar:file:/home/bahonar/miniconda3/envs/SingleCellSim/share/gatk4-4.3.0.0-0/gatk-package-4.3.0.0-local.jar!/com/intel/gkl/native/libgkl_pairhmm_omp.so
15:11:20.045 INFO  HaplotypeCaller - Done initializing engine
15:11:20.053 INFO  HaplotypeCallerEngine - Disabling physical phasing, which is supported only for reference-model confidence output
15:11:20.054 INFO  IntelPairHmm - Using CPU-supported AVX-512 instructions
15:11:20.054 INFO  IntelPairHmm - Flush-to-zero (FTZ) is enabled when running PairHMM
15:11:20.055 INFO  IntelPairHmm - Available threads: 80
15:11:20.055 INFO  IntelPairHmm - Requested threads: 4
15:11:20.055 INFO  PairHMM - Using the OpenMP multi-threaded AVX-accelerated native PairHMM implementation
15:11:20.070 INFO  NativeLibraryLoader - Loading libgkl_utils.so from jar:file:/home/bahonar/miniconda3/envs/SingleCellSim/share/gatk4-4.3.0.0-0/gatk-package-4.3.0.0-local.jar!/com/intel/gkl/native/libgkl_utils.so
15:11:20.072 INFO  NativeLibraryLoader - Loading libgkl_pairhmm_omp.so from jar:file:/home/bahonar/miniconda3/envs/SingleCellSim/share/gatk4-4.3.0.0-0/gatk-package-4.3.0.0-local.jar!/com/intel/gkl/native/libgkl_pairhmm_omp.so
15:11:20.077 INFO  ProgressMeter - Starting traversal
15:11:20.077 INFO  ProgressMeter -        Current Locus  Elapsed Minutes     Regions Processed   Regions/Minute
15:11:20.091 INFO  IntelPairHmm - Using CPU-supported AVX-512 instructions
15:11:20.091 INFO  IntelPairHmm - Flush-to-zero (FTZ) is enabled when running PairHMM
15:11:20.092 INFO  IntelPairHmm - Available threads: 80
15:11:20.092 INFO  IntelPairHmm - Requested threads: 4
15:11:20.092 INFO  PairHMM - Using the OpenMP multi-threaded AVX-accelerated native PairHMM implementation
15:11:20.115 INFO  NativeLibraryLoader - Loading libgkl_compression.so from jar:file:/home/bahonar/miniconda3/envs/SingleCellSim/share/gatk4-4.3.0.0-0/gatk-package-4.3.0.0-local.jar!/com/intel/gkl/native/libgkl_compression.so
15:11:20.118 INFO  ProgressMeter - Starting traversal
15:11:20.118 INFO  ProgressMeter -        Current Locus  Elapsed Minutes     Regions Processed   Regions/Minute
15:11:20.326 INFO  HaplotypeCaller - ------------------------------------------------------------
15:11:20.328 INFO  HaplotypeCaller - The Genome Analysis Toolkit (GATK) v4.3.0.0
15:11:20.328 INFO  HaplotypeCaller - For support and documentation go to https://software.broadinstitute.org/gatk/
15:11:20.328 INFO  HaplotypeCaller - Executing as bahonar@ibbadmin-Super-Server on Linux v6.8.0-59-generic amd64
15:11:20.328 INFO  HaplotypeCaller - Java runtime: OpenJDK 64-Bit Server VM v11.0.13+7-b1751.21
15:11:20.329 INFO  HaplotypeCaller - Start Date/Time: June 10, 2025 at 3:11:20 PM IRDT
15:11:20.329 INFO  HaplotypeCaller - ------------------------------------------------------------
15:11:20.329 INFO  HaplotypeCaller - ------------------------------------------------------------
15:11:20.330 INFO  HaplotypeCaller - HTSJDK Version: 3.0.1
15:11:20.330 INFO  HaplotypeCaller - Picard Version: 2.27.5
15:11:20.330 INFO  HaplotypeCaller - Built for Spark Version: 2.4.5
15:11:20.331 INFO  HaplotypeCaller - HTSJDK Defaults.COMPRESSION_LEVEL : 2
15:11:20.331 INFO  HaplotypeCaller - HTSJDK Defaults.USE_ASYNC_IO_READ_FOR_SAMTOOLS : false
15:11:20.331 INFO  HaplotypeCaller - HTSJDK Defaults.USE_ASYNC_IO_WRITE_FOR_SAMTOOLS : true
15:11:20.331 INFO  HaplotypeCaller - HTSJDK Defaults.USE_ASYNC_IO_WRITE_FOR_TRIBBLE : false
15:11:20.331 INFO  HaplotypeCaller - Deflater: IntelDeflater
15:11:20.331 INFO  HaplotypeCaller - Inflater: IntelInflater
15:11:20.331 INFO  HaplotypeCaller - GCS max retries/reopens: 20
15:11:20.331 INFO  HaplotypeCaller - Requester pays: disabled
15:11:20.332 INFO  HaplotypeCaller - Initializing engine
15:11:20.485 INFO  HaplotypeCaller - Done initializing engine
15:11:20.492 INFO  HaplotypeCallerEngine - Disabling physical phasing, which is supported only for reference-model confidence output
15:11:20.506 INFO  NativeLibraryLoader - Loading libgkl_utils.so from jar:file:/home/bahonar/miniconda3/envs/SingleCellSim/share/gatk4-4.3.0.0-0/gatk-package-4.3.0.0-local.jar!/com/intel/gkl/native/libgkl_utils.so
15:11:20.507 INFO  NativeLibraryLoader - Loading libgkl_pairhmm_omp.so from jar:file:/home/bahonar/miniconda3/envs/SingleCellSim/share/gatk4-4.3.0.0-0/gatk-package-4.3.0.0-local.jar!/com/intel/gkl/native/libgkl_pairhmm_omp.so
15:11:20.523 WARN  InbreedingCoeff - InbreedingCoeff will not be calculated at position 1500kb:942 and possibly subsequent; at least 10 samples must have called genotypes
15:11:20.523 INFO  IntelPairHmm - Using CPU-supported AVX-512 instructions
15:11:20.523 INFO  IntelPairHmm - Flush-to-zero (FTZ) is enabled when running PairHMM
15:11:20.524 INFO  IntelPairHmm - Available threads: 80
15:11:20.524 INFO  IntelPairHmm - Requested threads: 4
15:11:20.524 INFO  PairHMM - Using the OpenMP multi-threaded AVX-accelerated native PairHMM implementation
15:11:20.544 WARN  InbreedingCoeff - InbreedingCoeff will not be calculated at position 1500kb:942 and possibly subsequent; at least 10 samples must have called genotypes
15:11:20.550 INFO  ProgressMeter - Starting traversal
15:11:20.551 INFO  ProgressMeter -        Current Locus  Elapsed Minutes     Regions Processed   Regions/Minute
15:11:20.993 WARN  InbreedingCoeff - InbreedingCoeff will not be calculated at position 1500kb:942 and possibly subsequent; at least 10 samples must have called genotypes
15:11:22.347 INFO  NativeLibraryLoader - Loading libgkl_compression.so from jar:file:/home/bahonar/miniconda3/envs/SingleCellSim/share/gatk4-4.3.0.0-0/gatk-package-4.3.0.0-local.jar!/com/intel/gkl/native/libgkl_compression.so
15:11:22.574 INFO  HaplotypeCaller - ------------------------------------------------------------
15:11:22.575 INFO  HaplotypeCaller - The Genome Analysis Toolkit (GATK) v4.3.0.0
15:11:22.575 INFO  HaplotypeCaller - For support and documentation go to https://software.broadinstitute.org/gatk/
15:11:22.575 INFO  HaplotypeCaller - Executing as bahonar@ibbadmin-Super-Server on Linux v6.8.0-59-generic amd64
15:11:22.575 INFO  HaplotypeCaller - Java runtime: OpenJDK 64-Bit Server VM v11.0.13+7-b1751.21
15:11:22.575 INFO  HaplotypeCaller - Start Date/Time: June 10, 2025 at 3:11:22 PM IRDT
15:11:22.575 INFO  HaplotypeCaller - ------------------------------------------------------------
15:11:22.575 INFO  HaplotypeCaller - ------------------------------------------------------------
15:11:22.576 INFO  HaplotypeCaller - HTSJDK Version: 3.0.1
15:11:22.576 INFO  HaplotypeCaller - Picard Version: 2.27.5
15:11:22.576 INFO  HaplotypeCaller - Built for Spark Version: 2.4.5
15:11:22.576 INFO  HaplotypeCaller - HTSJDK Defaults.COMPRESSION_LEVEL : 2
15:11:22.576 INFO  HaplotypeCaller - HTSJDK Defaults.USE_ASYNC_IO_READ_FOR_SAMTOOLS : false
15:11:22.576 INFO  HaplotypeCaller - HTSJDK Defaults.USE_ASYNC_IO_WRITE_FOR_SAMTOOLS : true
15:11:22.576 INFO  HaplotypeCaller - HTSJDK Defaults.USE_ASYNC_IO_WRITE_FOR_TRIBBLE : false
15:11:22.576 INFO  HaplotypeCaller - Deflater: IntelDeflater
15:11:22.576 INFO  HaplotypeCaller - Inflater: IntelInflater
15:11:22.577 INFO  HaplotypeCaller - GCS max retries/reopens: 20
15:11:22.577 INFO  HaplotypeCaller - Requester pays: disabled
15:11:22.577 INFO  HaplotypeCaller - Initializing engine
15:11:22.711 INFO  NativeLibraryLoader - Loading libgkl_compression.so from jar:file:/home/bahonar/miniconda3/envs/SingleCellSim/share/gatk4-4.3.0.0-0/gatk-package-4.3.0.0-local.jar!/com/intel/gkl/native/libgkl_compression.so
15:11:22.739 INFO  HaplotypeCaller - Done initializing engine
15:11:22.748 INFO  HaplotypeCallerEngine - Disabling physical phasing, which is supported only for reference-model confidence output
15:11:22.765 INFO  NativeLibraryLoader - Loading libgkl_utils.so from jar:file:/home/bahonar/miniconda3/envs/SingleCellSim/share/gatk4-4.3.0.0-0/gatk-package-4.3.0.0-local.jar!/com/intel/gkl/native/libgkl_utils.so
15:11:22.766 INFO  NativeLibraryLoader - Loading libgkl_pairhmm_omp.so from jar:file:/home/bahonar/miniconda3/envs/SingleCellSim/share/gatk4-4.3.0.0-0/gatk-package-4.3.0.0-local.jar!/com/intel/gkl/native/libgkl_pairhmm_omp.so
15:11:22.789 INFO  IntelPairHmm - Using CPU-supported AVX-512 instructions
15:11:22.790 INFO  IntelPairHmm - Flush-to-zero (FTZ) is enabled when running PairHMM
15:11:22.791 INFO  IntelPairHmm - Available threads: 80
15:11:22.791 INFO  IntelPairHmm - Requested threads: 4
15:11:22.791 INFO  PairHMM - Using the OpenMP multi-threaded AVX-accelerated native PairHMM implementation
15:11:22.819 INFO  NativeLibraryLoader - Loading libgkl_compression.so from jar:file:/home/bahonar/miniconda3/envs/SingleCellSim/share/gatk4-4.3.0.0-0/gatk-package-4.3.0.0-local.jar!/com/intel/gkl/native/libgkl_compression.so
15:11:22.824 INFO  ProgressMeter - Starting traversal
15:11:22.828 INFO  ProgressMeter -        Current Locus  Elapsed Minutes     Regions Processed   Regions/Minute
15:11:22.929 INFO  NativeLibraryLoader - Loading libgkl_compression.so from jar:file:/home/bahonar/miniconda3/envs/SingleCellSim/share/gatk4-4.3.0.0-0/gatk-package-4.3.0.0-local.jar!/com/intel/gkl/native/libgkl_compression.so
15:11:22.936 INFO  HaplotypeCaller - ------------------------------------------------------------
15:11:22.937 INFO  HaplotypeCaller - The Genome Analysis Toolkit (GATK) v4.3.0.0
15:11:22.937 INFO  HaplotypeCaller - For support and documentation go to https://software.broadinstitute.org/gatk/
15:11:22.937 INFO  HaplotypeCaller - Executing as bahonar@ibbadmin-Super-Server on Linux v6.8.0-59-generic amd64
15:11:22.937 INFO  HaplotypeCaller - Java runtime: OpenJDK 64-Bit Server VM v11.0.13+7-b1751.21
15:11:22.937 INFO  HaplotypeCaller - Start Date/Time: June 10, 2025 at 3:11:22 PM IRDT
15:11:22.937 INFO  HaplotypeCaller - ------------------------------------------------------------
15:11:22.937 INFO  HaplotypeCaller - ------------------------------------------------------------
15:11:22.939 INFO  HaplotypeCaller - HTSJDK Version: 3.0.1
15:11:22.939 INFO  HaplotypeCaller - Picard Version: 2.27.5
15:11:22.939 INFO  HaplotypeCaller - Built for Spark Version: 2.4.5
15:11:22.939 INFO  HaplotypeCaller - HTSJDK Defaults.COMPRESSION_LEVEL : 2
15:11:22.939 INFO  HaplotypeCaller - HTSJDK Defaults.USE_ASYNC_IO_READ_FOR_SAMTOOLS : false
15:11:22.939 INFO  HaplotypeCaller - HTSJDK Defaults.USE_ASYNC_IO_WRITE_FOR_SAMTOOLS : true
15:11:22.939 INFO  HaplotypeCaller - HTSJDK Defaults.USE_ASYNC_IO_WRITE_FOR_TRIBBLE : false
15:11:22.939 INFO  HaplotypeCaller - Deflater: IntelDeflater
15:11:22.939 INFO  HaplotypeCaller - Inflater: IntelInflater
15:11:22.939 INFO  HaplotypeCaller - GCS max retries/reopens: 20
15:11:22.939 INFO  HaplotypeCaller - Requester pays: disabled
15:11:22.939 INFO  HaplotypeCaller - Initializing engine
15:11:23.081 INFO  HaplotypeCaller - ------------------------------------------------------------
15:11:23.082 INFO  HaplotypeCaller - The Genome Analysis Toolkit (GATK) v4.3.0.0
15:11:23.082 INFO  HaplotypeCaller - For support and documentation go to https://software.broadinstitute.org/gatk/
15:11:23.083 INFO  HaplotypeCaller - Executing as bahonar@ibbadmin-Super-Server on Linux v6.8.0-59-generic amd64
15:11:23.083 INFO  HaplotypeCaller - Java runtime: OpenJDK 64-Bit Server VM v11.0.13+7-b1751.21
15:11:23.083 INFO  HaplotypeCaller - Start Date/Time: June 10, 2025 at 3:11:22 PM IRDT
15:11:23.083 INFO  HaplotypeCaller - ------------------------------------------------------------
15:11:23.084 INFO  HaplotypeCaller - ------------------------------------------------------------
15:11:23.085 INFO  HaplotypeCaller - HTSJDK Version: 3.0.1
15:11:23.085 INFO  HaplotypeCaller - Picard Version: 2.27.5
15:11:23.085 INFO  HaplotypeCaller - Built for Spark Version: 2.4.5
15:11:23.085 INFO  HaplotypeCaller - HTSJDK Defaults.COMPRESSION_LEVEL : 2
15:11:23.085 INFO  HaplotypeCaller - HTSJDK Defaults.USE_ASYNC_IO_READ_FOR_SAMTOOLS : false
15:11:23.085 INFO  HaplotypeCaller - HTSJDK Defaults.USE_ASYNC_IO_WRITE_FOR_SAMTOOLS : true
15:11:23.085 INFO  HaplotypeCaller - HTSJDK Defaults.USE_ASYNC_IO_WRITE_FOR_TRIBBLE : false
15:11:23.086 INFO  HaplotypeCaller - Deflater: IntelDeflater
15:11:23.086 INFO  HaplotypeCaller - Inflater: IntelInflater
15:11:23.086 INFO  HaplotypeCaller - GCS max retries/reopens: 20
15:11:23.086 INFO  HaplotypeCaller - Requester pays: disabled
15:11:23.086 INFO  HaplotypeCaller - Initializing engine
15:11:23.108 INFO  HaplotypeCaller - Done initializing engine
15:11:23.115 INFO  HaplotypeCallerEngine - Disabling physical phasing, which is supported only for reference-model confidence output
15:11:23.129 INFO  NativeLibraryLoader - Loading libgkl_utils.so from jar:file:/home/bahonar/miniconda3/envs/SingleCellSim/share/gatk4-4.3.0.0-0/gatk-package-4.3.0.0-local.jar!/com/intel/gkl/native/libgkl_utils.so
15:11:23.130 INFO  NativeLibraryLoader - Loading libgkl_pairhmm_omp.so from jar:file:/home/bahonar/miniconda3/envs/SingleCellSim/share/gatk4-4.3.0.0-0/gatk-package-4.3.0.0-local.jar!/com/intel/gkl/native/libgkl_pairhmm_omp.so
15:11:23.144 INFO  HaplotypeCaller - ------------------------------------------------------------
15:11:23.145 INFO  HaplotypeCaller - The Genome Analysis Toolkit (GATK) v4.3.0.0
15:11:23.145 INFO  HaplotypeCaller - For support and documentation go to https://software.broadinstitute.org/gatk/
15:11:23.145 INFO  HaplotypeCaller - Executing as bahonar@ibbadmin-Super-Server on Linux v6.8.0-59-generic amd64
15:11:23.146 INFO  HaplotypeCaller - Java runtime: OpenJDK 64-Bit Server VM v11.0.13+7-b1751.21
15:11:23.146 INFO  HaplotypeCaller - Start Date/Time: June 10, 2025 at 3:11:22 PM IRDT
15:11:23.146 INFO  HaplotypeCaller - ------------------------------------------------------------
15:11:23.146 INFO  HaplotypeCaller - ------------------------------------------------------------
15:11:23.147 INFO  IntelPairHmm - Using CPU-supported AVX-512 instructions
15:11:23.147 INFO  HaplotypeCaller - HTSJDK Version: 3.0.1
15:11:23.147 INFO  IntelPairHmm - Flush-to-zero (FTZ) is enabled when running PairHMM
15:11:23.147 INFO  HaplotypeCaller - Picard Version: 2.27.5
15:11:23.147 INFO  HaplotypeCaller - Built for Spark Version: 2.4.5
15:11:23.147 INFO  HaplotypeCaller - HTSJDK Defaults.COMPRESSION_LEVEL : 2
15:11:23.147 INFO  HaplotypeCaller - HTSJDK Defaults.USE_ASYNC_IO_READ_FOR_SAMTOOLS : false
15:11:23.148 INFO  HaplotypeCaller - HTSJDK Defaults.USE_ASYNC_IO_WRITE_FOR_SAMTOOLS : true
15:11:23.148 INFO  HaplotypeCaller - HTSJDK Defaults.USE_ASYNC_IO_WRITE_FOR_TRIBBLE : false
15:11:23.148 INFO  HaplotypeCaller - Deflater: IntelDeflater
15:11:23.148 INFO  IntelPairHmm - Available threads: 80
15:11:23.148 INFO  HaplotypeCaller - Inflater: IntelInflater
15:11:23.148 INFO  IntelPairHmm - Requested threads: 4
15:11:23.148 INFO  PairHMM - Using the OpenMP multi-threaded AVX-accelerated native PairHMM implementation
15:11:23.148 INFO  HaplotypeCaller - GCS max retries/reopens: 20
15:11:23.148 INFO  HaplotypeCaller - Requester pays: disabled
15:11:23.148 INFO  HaplotypeCaller - Initializing engine
15:11:23.169 INFO  ProgressMeter - Starting traversal
15:11:23.169 INFO  ProgressMeter -        Current Locus  Elapsed Minutes     Regions Processed   Regions/Minute
15:11:23.255 INFO  HaplotypeCaller - Done initializing engine
15:11:23.263 INFO  HaplotypeCallerEngine - Disabling physical phasing, which is supported only for reference-model confidence output
15:11:23.282 INFO  NativeLibraryLoader - Loading libgkl_utils.so from jar:file:/home/bahonar/miniconda3/envs/SingleCellSim/share/gatk4-4.3.0.0-0/gatk-package-4.3.0.0-local.jar!/com/intel/gkl/native/libgkl_utils.so
15:11:23.284 INFO  NativeLibraryLoader - Loading libgkl_pairhmm_omp.so from jar:file:/home/bahonar/miniconda3/envs/SingleCellSim/share/gatk4-4.3.0.0-0/gatk-package-4.3.0.0-local.jar!/com/intel/gkl/native/libgkl_pairhmm_omp.so
15:11:23.294 WARN  InbreedingCoeff - InbreedingCoeff will not be calculated at position 1500kb:942 and possibly subsequent; at least 10 samples must have called genotypes
15:11:23.299 INFO  IntelPairHmm - Using CPU-supported AVX-512 instructions
15:11:23.299 INFO  IntelPairHmm - Flush-to-zero (FTZ) is enabled when running PairHMM
15:11:23.300 INFO  IntelPairHmm - Available threads: 80
15:11:23.300 INFO  IntelPairHmm - Requested threads: 4
15:11:23.300 INFO  PairHMM - Using the OpenMP multi-threaded AVX-accelerated native PairHMM implementation
15:11:23.328 INFO  ProgressMeter - Starting traversal
15:11:23.329 INFO  ProgressMeter -        Current Locus  Elapsed Minutes     Regions Processed   Regions/Minute
15:11:23.339 INFO  HaplotypeCaller - Done initializing engine
15:11:23.348 INFO  HaplotypeCallerEngine - Disabling physical phasing, which is supported only for reference-model confidence output
15:11:23.364 INFO  NativeLibraryLoader - Loading libgkl_utils.so from jar:file:/home/bahonar/miniconda3/envs/SingleCellSim/share/gatk4-4.3.0.0-0/gatk-package-4.3.0.0-local.jar!/com/intel/gkl/native/libgkl_utils.so
15:11:23.365 INFO  NativeLibraryLoader - Loading libgkl_pairhmm_omp.so from jar:file:/home/bahonar/miniconda3/envs/SingleCellSim/share/gatk4-4.3.0.0-0/gatk-package-4.3.0.0-local.jar!/com/intel/gkl/native/libgkl_pairhmm_omp.so
15:11:23.366 INFO  NativeLibraryLoader - Loading libgkl_compression.so from jar:file:/home/bahonar/miniconda3/envs/SingleCellSim/share/gatk4-4.3.0.0-0/gatk-package-4.3.0.0-local.jar!/com/intel/gkl/native/libgkl_compression.so
15:11:23.381 INFO  IntelPairHmm - Using CPU-supported AVX-512 instructions
15:11:23.381 INFO  IntelPairHmm - Flush-to-zero (FTZ) is enabled when running PairHMM
15:11:23.382 INFO  IntelPairHmm - Available threads: 80
15:11:23.382 INFO  IntelPairHmm - Requested threads: 4
15:11:23.382 INFO  PairHMM - Using the OpenMP multi-threaded AVX-accelerated native PairHMM implementation
15:11:23.413 INFO  ProgressMeter - Starting traversal
15:11:23.413 INFO  ProgressMeter -        Current Locus  Elapsed Minutes     Regions Processed   Regions/Minute
15:11:23.416 INFO  NativeLibraryLoader - Loading libgkl_compression.so from jar:file:/home/bahonar/miniconda3/envs/SingleCellSim/share/gatk4-4.3.0.0-0/gatk-package-4.3.0.0-local.jar!/com/intel/gkl/native/libgkl_compression.so
15:11:23.421 INFO  NativeLibraryLoader - Loading libgkl_compression.so from jar:file:/home/bahonar/miniconda3/envs/SingleCellSim/share/gatk4-4.3.0.0-0/gatk-package-4.3.0.0-local.jar!/com/intel/gkl/native/libgkl_compression.so
15:11:23.569 INFO  HaplotypeCaller - ------------------------------------------------------------
15:11:23.569 INFO  HaplotypeCaller - The Genome Analysis Toolkit (GATK) v4.3.0.0
15:11:23.569 INFO  HaplotypeCaller - For support and documentation go to https://software.broadinstitute.org/gatk/
15:11:23.570 INFO  HaplotypeCaller - Executing as bahonar@ibbadmin-Super-Server on Linux v6.8.0-59-generic amd64
15:11:23.570 INFO  HaplotypeCaller - Java runtime: OpenJDK 64-Bit Server VM v11.0.13+7-b1751.21
15:11:23.570 INFO  HaplotypeCaller - Start Date/Time: June 10, 2025 at 3:11:23 PM IRDT
15:11:23.570 INFO  HaplotypeCaller - ------------------------------------------------------------
15:11:23.570 INFO  HaplotypeCaller - ------------------------------------------------------------
15:11:23.571 INFO  HaplotypeCaller - HTSJDK Version: 3.0.1
15:11:23.571 INFO  HaplotypeCaller - Picard Version: 2.27.5
15:11:23.571 INFO  HaplotypeCaller - Built for Spark Version: 2.4.5
15:11:23.571 INFO  HaplotypeCaller - HTSJDK Defaults.COMPRESSION_LEVEL : 2
15:11:23.571 INFO  HaplotypeCaller - HTSJDK Defaults.USE_ASYNC_IO_READ_FOR_SAMTOOLS : false
15:11:23.571 INFO  HaplotypeCaller - HTSJDK Defaults.USE_ASYNC_IO_WRITE_FOR_SAMTOOLS : true
15:11:23.572 INFO  HaplotypeCaller - HTSJDK Defaults.USE_ASYNC_IO_WRITE_FOR_TRIBBLE : false
15:11:23.572 INFO  HaplotypeCaller - Deflater: IntelDeflater
15:11:23.572 INFO  HaplotypeCaller - Inflater: IntelInflater
15:11:23.572 INFO  HaplotypeCaller - GCS max retries/reopens: 20
15:11:23.572 INFO  HaplotypeCaller - Requester pays: disabled
15:11:23.572 INFO  HaplotypeCaller - Initializing engine
15:11:23.636 INFO  HaplotypeCaller - ------------------------------------------------------------
15:11:23.637 INFO  HaplotypeCaller - The Genome Analysis Toolkit (GATK) v4.3.0.0
15:11:23.638 INFO  HaplotypeCaller - For support and documentation go to https://software.broadinstitute.org/gatk/
15:11:23.638 INFO  HaplotypeCaller - Executing as bahonar@ibbadmin-Super-Server on Linux v6.8.0-59-generic amd64
15:11:23.638 INFO  HaplotypeCaller - Java runtime: OpenJDK 64-Bit Server VM v11.0.13+7-b1751.21
15:11:23.638 INFO  HaplotypeCaller - Start Date/Time: June 10, 2025 at 3:11:23 PM IRDT
15:11:23.639 INFO  HaplotypeCaller - ------------------------------------------------------------
15:11:23.639 INFO  HaplotypeCaller - ------------------------------------------------------------
15:11:23.640 INFO  HaplotypeCaller - HTSJDK Version: 3.0.1
15:11:23.640 INFO  HaplotypeCaller - Picard Version: 2.27.5
15:11:23.640 INFO  HaplotypeCaller - Built for Spark Version: 2.4.5
15:11:23.640 INFO  HaplotypeCaller - HTSJDK Defaults.COMPRESSION_LEVEL : 2
15:11:23.640 INFO  HaplotypeCaller - HTSJDK Defaults.USE_ASYNC_IO_READ_FOR_SAMTOOLS : false
15:11:23.640 INFO  HaplotypeCaller - HTSJDK Defaults.USE_ASYNC_IO_WRITE_FOR_SAMTOOLS : true
15:11:23.641 INFO  HaplotypeCaller - HTSJDK Defaults.USE_ASYNC_IO_WRITE_FOR_TRIBBLE : false
15:11:23.641 INFO  HaplotypeCaller - Deflater: IntelDeflater
15:11:23.641 INFO  HaplotypeCaller - Inflater: IntelInflater
15:11:23.641 INFO  HaplotypeCaller - GCS max retries/reopens: 20
15:11:23.641 INFO  HaplotypeCaller - Requester pays: disabled
15:11:23.641 INFO  HaplotypeCaller - Initializing engine
15:11:23.648 INFO  HaplotypeCaller - ------------------------------------------------------------
15:11:23.649 INFO  HaplotypeCaller - The Genome Analysis Toolkit (GATK) v4.3.0.0
15:11:23.649 INFO  HaplotypeCaller - For support and documentation go to https://software.broadinstitute.org/gatk/
15:11:23.649 INFO  HaplotypeCaller - Executing as bahonar@ibbadmin-Super-Server on Linux v6.8.0-59-generic amd64
15:11:23.649 INFO  HaplotypeCaller - Java runtime: OpenJDK 64-Bit Server VM v11.0.13+7-b1751.21
15:11:23.650 INFO  HaplotypeCaller - Start Date/Time: June 10, 2025 at 3:11:23 PM IRDT
15:11:23.650 INFO  HaplotypeCaller - ------------------------------------------------------------
15:11:23.650 INFO  HaplotypeCaller - ------------------------------------------------------------
15:11:23.651 INFO  HaplotypeCaller - HTSJDK Version: 3.0.1
15:11:23.651 INFO  HaplotypeCaller - Picard Version: 2.27.5
15:11:23.651 INFO  HaplotypeCaller - Built for Spark Version: 2.4.5
15:11:23.651 INFO  HaplotypeCaller - HTSJDK Defaults.COMPRESSION_LEVEL : 2
15:11:23.651 INFO  HaplotypeCaller - HTSJDK Defaults.USE_ASYNC_IO_READ_FOR_SAMTOOLS : false
15:11:23.651 INFO  HaplotypeCaller - HTSJDK Defaults.USE_ASYNC_IO_WRITE_FOR_SAMTOOLS : true
15:11:23.651 INFO  HaplotypeCaller - HTSJDK Defaults.USE_ASYNC_IO_WRITE_FOR_TRIBBLE : false
15:11:23.652 INFO  HaplotypeCaller - Deflater: IntelDeflater
15:11:23.652 INFO  HaplotypeCaller - Inflater: IntelInflater
15:11:23.652 INFO  HaplotypeCaller - GCS max retries/reopens: 20
15:11:23.652 INFO  HaplotypeCaller - Requester pays: disabled
15:11:23.652 INFO  HaplotypeCaller - Initializing engine
15:11:23.692 WARN  InbreedingCoeff - InbreedingCoeff will not be calculated at position 1500kb:942 and possibly subsequent; at least 10 samples must have called genotypes
15:11:23.779 INFO  HaplotypeCaller - Done initializing engine
15:11:23.788 INFO  HaplotypeCallerEngine - Disabling physical phasing, which is supported only for reference-model confidence output
15:11:23.812 INFO  NativeLibraryLoader - Loading libgkl_utils.so from jar:file:/home/bahonar/miniconda3/envs/SingleCellSim/share/gatk4-4.3.0.0-0/gatk-package-4.3.0.0-local.jar!/com/intel/gkl/native/libgkl_utils.so
15:11:23.814 INFO  NativeLibraryLoader - Loading libgkl_pairhmm_omp.so from jar:file:/home/bahonar/miniconda3/envs/SingleCellSim/share/gatk4-4.3.0.0-0/gatk-package-4.3.0.0-local.jar!/com/intel/gkl/native/libgkl_pairhmm_omp.so
15:11:23.833 INFO  IntelPairHmm - Using CPU-supported AVX-512 instructions
15:11:23.834 INFO  IntelPairHmm - Flush-to-zero (FTZ) is enabled when running PairHMM
15:11:23.834 INFO  IntelPairHmm - Available threads: 80
15:11:23.835 INFO  IntelPairHmm - Requested threads: 4
15:11:23.835 INFO  PairHMM - Using the OpenMP multi-threaded AVX-accelerated native PairHMM implementation
15:11:23.849 INFO  HaplotypeCaller - Done initializing engine
15:11:23.858 INFO  HaplotypeCallerEngine - Disabling physical phasing, which is supported only for reference-model confidence output
15:11:23.860 INFO  ProgressMeter - Starting traversal
15:11:23.861 WARN  InbreedingCoeff - InbreedingCoeff will not be calculated at position 1500kb:458 and possibly subsequent; at least 10 samples must have called genotypes
15:11:23.861 INFO  ProgressMeter -        Current Locus  Elapsed Minutes     Regions Processed   Regions/Minute
15:11:23.875 INFO  NativeLibraryLoader - Loading libgkl_utils.so from jar:file:/home/bahonar/miniconda3/envs/SingleCellSim/share/gatk4-4.3.0.0-0/gatk-package-4.3.0.0-local.jar!/com/intel/gkl/native/libgkl_utils.so
15:11:23.877 INFO  NativeLibraryLoader - Loading libgkl_pairhmm_omp.so from jar:file:/home/bahonar/miniconda3/envs/SingleCellSim/share/gatk4-4.3.0.0-0/gatk-package-4.3.0.0-local.jar!/com/intel/gkl/native/libgkl_pairhmm_omp.so
15:11:23.885 INFO  HaplotypeCaller - Done initializing engine
15:11:23.893 INFO  IntelPairHmm - Using CPU-supported AVX-512 instructions
15:11:23.893 INFO  IntelPairHmm - Flush-to-zero (FTZ) is enabled when running PairHMM
15:11:23.893 INFO  HaplotypeCallerEngine - Disabling physical phasing, which is supported only for reference-model confidence output
15:11:23.894 INFO  IntelPairHmm - Available threads: 80
15:11:23.894 INFO  IntelPairHmm - Requested threads: 4
15:11:23.894 INFO  PairHMM - Using the OpenMP multi-threaded AVX-accelerated native PairHMM implementation
15:11:23.912 INFO  NativeLibraryLoader - Loading libgkl_utils.so from jar:file:/home/bahonar/miniconda3/envs/SingleCellSim/share/gatk4-4.3.0.0-0/gatk-package-4.3.0.0-local.jar!/com/intel/gkl/native/libgkl_utils.so
15:11:23.915 INFO  NativeLibraryLoader - Loading libgkl_pairhmm_omp.so from jar:file:/home/bahonar/miniconda3/envs/SingleCellSim/share/gatk4-4.3.0.0-0/gatk-package-4.3.0.0-local.jar!/com/intel/gkl/native/libgkl_pairhmm_omp.so
15:11:23.918 INFO  ProgressMeter - Starting traversal
15:11:23.918 INFO  ProgressMeter -        Current Locus  Elapsed Minutes     Regions Processed   Regions/Minute
15:11:23.934 INFO  IntelPairHmm - Using CPU-supported AVX-512 instructions
15:11:23.934 INFO  IntelPairHmm - Flush-to-zero (FTZ) is enabled when running PairHMM
15:11:23.935 INFO  IntelPairHmm - Available threads: 80
15:11:23.935 INFO  IntelPairHmm - Requested threads: 4
15:11:23.935 INFO  PairHMM - Using the OpenMP multi-threaded AVX-accelerated native PairHMM implementation
15:11:23.969 INFO  ProgressMeter - Starting traversal
15:11:23.970 INFO  ProgressMeter -        Current Locus  Elapsed Minutes     Regions Processed   Regions/Minute
15:11:23.971 WARN  InbreedingCoeff - InbreedingCoeff will not be calculated at position 1500kb:942 and possibly subsequent; at least 10 samples must have called genotypes
15:11:24.410 WARN  InbreedingCoeff - InbreedingCoeff will not be calculated at position 1500kb:942 and possibly subsequent; at least 10 samples must have called genotypes
15:11:24.448 WARN  InbreedingCoeff - InbreedingCoeff will not be calculated at position 1500kb:942 and possibly subsequent; at least 10 samples must have called genotypes
15:11:24.528 WARN  InbreedingCoeff - InbreedingCoeff will not be calculated at position 1500kb:942 and possibly subsequent; at least 10 samples must have called genotypes
15:11:30.165 INFO  ProgressMeter -         1500kb:95857              0.2                   490           2914.6
15:11:30.189 INFO  ProgressMeter -        1500kb:124952              0.2                   650           3872.5
15:11:30.602 INFO  ProgressMeter -         1500kb:95518              0.2                   490           2925.4
15:11:33.146 INFO  ProgressMeter -        1500kb:104785              0.2                   540           3140.4
15:11:33.260 INFO  ProgressMeter -        1500kb:112957              0.2                   580           3449.3
15:11:33.335 INFO  ProgressMeter -        1500kb:116510              0.2                   590           3538.2
15:11:33.436 INFO  ProgressMeter -         1500kb:76540              0.2                   400           2394.5
15:11:33.940 INFO  ProgressMeter -        1500kb:107433              0.2                   550           3292.8
15:11:34.062 INFO  ProgressMeter -        1500kb:120398              0.2                   620           3646.7
15:11:34.138 INFO  ProgressMeter -        1500kb:129944              0.2                   680           4013.0
15:11:40.191 INFO  ProgressMeter -        1500kb:257259              0.3                  1380           4124.9
15:11:40.342 INFO  ProgressMeter -        1500kb:220538              0.3                  1180           3493.9
15:11:40.605 INFO  ProgressMeter -        1500kb:241250              0.3                  1300           3889.5
15:11:43.344 INFO  ProgressMeter -        1500kb:209885              0.3                  1120           3331.2
15:11:43.468 INFO  ProgressMeter -        1500kb:219977              0.3                  1170           3485.8
15:11:43.506 INFO  ProgressMeter -        1500kb:189841              0.3                  1010           3016.0
15:11:43.547 INFO  ProgressMeter -        1500kb:213221              0.3                  1140           3301.5
15:11:44.156 INFO  ProgressMeter -        1500kb:225754              0.3                  1220           3626.3
15:11:44.210 INFO  ProgressMeter -        1500kb:234260              0.3                  1260           3715.2
15:11:44.214 INFO  ProgressMeter -        1500kb:222020              0.3                  1190           3517.9
15:11:50.661 INFO  ProgressMeter -        1500kb:366906              0.5                  2010           3943.2
15:11:50.743 INFO  ProgressMeter -        1500kb:362224              0.5                  1980           3879.3
15:11:50.773 INFO  ProgressMeter -        1500kb:379035              0.5                  2070           4109.6
15:11:53.462 INFO  ProgressMeter -        1500kb:338238              0.5                  1840           3644.6
15:11:53.489 INFO  ProgressMeter -        1500kb:343196              0.5                  1870           3720.3
15:11:53.550 INFO  ProgressMeter -        1500kb:320191              0.5                  1740           3398.2
15:11:53.582 INFO  ProgressMeter -        1500kb:347066              0.5                  1900           3778.7
15:11:54.219 INFO  ProgressMeter -        1500kb:377217              0.5                  2060           4071.4
15:11:54.334 INFO  ProgressMeter -        1500kb:342209              0.5                  1870           3695.2
15:11:54.431 INFO  ProgressMeter -        1500kb:341534              0.5                  1860           3657.5
15:12:00.749 INFO  ProgressMeter -        1500kb:544623              0.7                  2950           4351.9
15:12:00.755 INFO  ProgressMeter -        1500kb:501643              0.7                  2710           4001.4
15:12:00.811 INFO  ProgressMeter -        1500kb:525216              0.7                  2840           4232.5
15:12:03.546 INFO  ProgressMeter -        1500kb:494705              0.7                  2680           3982.6
15:12:03.582 INFO  ProgressMeter -        1500kb:529205              0.7                  2870           4286.9
15:12:03.600 INFO  ProgressMeter -        1500kb:425049              0.7                  2330           3428.9
15:12:03.638 INFO  ProgressMeter -        1500kb:478724              0.7                  2600           3870.1
15:12:04.271 INFO  ProgressMeter -        1500kb:526525              0.7                  2850           4231.6
15:12:04.448 INFO  ProgressMeter -        1500kb:476970              0.7                  2590           3834.2
15:12:04.482 INFO  ProgressMeter -        1500kb:479635              0.7                  2610           3865.6
15:12:10.774 INFO  ProgressMeter -        1500kb:603964              0.8                  3280           3885.0
15:12:10.796 INFO  ProgressMeter -        1500kb:659337              0.8                  3580           4235.1
15:12:10.822 INFO  ProgressMeter -        1500kb:670717              0.8                  3640           4344.5
15:12:13.603 INFO  ProgressMeter -        1500kb:627363              0.8                  3410           4076.5
15:12:13.631 INFO  ProgressMeter -        1500kb:622986              0.8                  3390           4030.8
15:12:13.744 INFO  ProgressMeter -        1500kb:564322              0.8                  3070           3617.7
15:12:13.772 INFO  ProgressMeter -        1500kb:644510              0.8                  3500           4163.1
15:12:14.331 INFO  ProgressMeter -        1500kb:661243              0.8                  3590           4267.9
15:12:14.482 INFO  ProgressMeter -        1500kb:618115              0.8                  3360           3991.1
15:12:14.497 INFO  ProgressMeter -        1500kb:578508              0.8                  3140           3724.9
15:12:20.785 INFO  ProgressMeter -        1500kb:772560              1.0                  4190           4143.9
15:12:20.860 INFO  ProgressMeter -        1500kb:820402              1.0                  4460           4402.5
15:12:20.924 INFO  ProgressMeter -        1500kb:801847              1.0                  4360           4333.1
15:12:23.674 INFO  ProgressMeter -        1500kb:780781              1.0                  4240           4204.7
15:12:23.730 INFO  ProgressMeter -        1500kb:752548              1.0                  4080           4058.6
15:12:23.813 INFO  ProgressMeter -        1500kb:756713              1.0                  4100           4067.3
15:12:23.852 INFO  ProgressMeter -        1500kb:736559              1.0                  4000           3932.9
15:12:24.366 INFO  ProgressMeter -        1500kb:807659              1.0                  4390           4353.4
15:12:24.564 INFO  ProgressMeter -        1500kb:769203              1.0                  4180           4139.0
15:12:24.570 INFO  ProgressMeter -        1500kb:713154              1.0                  3870           3828.5
15:12:30.795 INFO  ProgressMeter -        1500kb:942424              1.2                  5140           4363.6
15:12:30.937 INFO  ProgressMeter -       1500kb:1006787              1.2                  5490           4648.6
15:12:30.952 INFO  ProgressMeter -        1500kb:952386              1.2                  5200           4431.8
15:12:33.728 INFO  ProgressMeter -        1500kb:925210              1.2                  5060           4302.8
15:12:33.732 INFO  ProgressMeter -        1500kb:897815              1.2                  4890           4172.4
15:12:33.874 INFO  ProgressMeter -        1500kb:928329              1.2                  5070           4281.7
15:12:33.876 INFO  ProgressMeter -        1500kb:893410              1.2                  4860           4133.4
15:12:34.528 INFO  ProgressMeter -        1500kb:963195              1.2                  5260           4466.1
15:12:34.597 INFO  ProgressMeter -        1500kb:865241              1.2                  4710           3998.4
15:12:34.622 INFO  ProgressMeter -        1500kb:910090              1.2                  4970           4220.7
15:12:40.926 INFO  ProgressMeter -       1500kb:1111992              1.3                  6060           4499.6
15:12:40.943 INFO  ProgressMeter -       1500kb:1137365              1.3                  6200           4600.2
15:12:41.016 INFO  ProgressMeter -       1500kb:1143589              1.3                  6240           4653.0
15:12:43.831 INFO  ProgressMeter -       1500kb:1056065              1.3                  5770           4305.1
15:12:43.912 INFO  ProgressMeter -       1500kb:1032298              1.3                  5630           4192.0
15:12:43.913 INFO  ProgressMeter -       1500kb:1094380              1.4                  5960           4410.2
15:12:43.982 INFO  ProgressMeter -       1500kb:1124437              1.3                  6130           4551.3
15:12:44.684 INFO  ProgressMeter -       1500kb:1111392              1.3                  6060           4498.7
15:12:44.689 INFO  ProgressMeter -       1500kb:1014863              1.3                  5540           4115.4
15:12:44.713 INFO  ProgressMeter -       1500kb:1092061              1.3                  5950           4421.4
15:12:50.934 INFO  ProgressMeter -       1500kb:1277822              1.5                  6950           4591.7
15:12:50.999 INFO  ProgressMeter -       1500kb:1300758              1.5                  7080           4672.1
15:12:51.019 INFO  ProgressMeter -       1500kb:1279578              1.5                  6970           4622.6
15:12:53.914 INFO  ProgressMeter -       1500kb:1237215              1.5                  6730           4461.8
15:12:54.031 INFO  ProgressMeter -       1500kb:1244767              1.5                  6770           4470.6
15:12:54.032 INFO  ProgressMeter -       1500kb:1190327              1.5                  6490           4293.2
15:12:54.064 INFO  ProgressMeter -       1500kb:1223542              1.5                  6650           4373.3
15:12:54.688 INFO  ProgressMeter -       1500kb:1208652              1.5                  6580           4346.7
15:12:54.703 INFO  ProgressMeter -       1500kb:1169098              1.5                  6390           4223.2
15:12:54.908 INFO  ProgressMeter -       1500kb:1231076              1.5                  6700           4420.6
15:13:00.939 INFO  ProgressMeter -       1500kb:1444293              1.7                  7900           4701.4
15:13:01.024 INFO  ProgressMeter -       1500kb:1441369              1.7                  7890           4689.6
15:13:01.289 INFO  ProgressMeter -       1500kb:1418606              1.7                  7770           4627.8
15:13:03.988 INFO  ProgressMeter -       1500kb:1401974              1.7                  7670           4575.7
15:13:04.070 INFO  HaplotypeCaller - 56 read(s) filtered by: MappingQualityReadFilter 
0 read(s) filtered by: MappingQualityAvailableReadFilter 
0 read(s) filtered by: MappedReadFilter 
0 read(s) filtered by: NotSecondaryAlignmentReadFilter 
0 read(s) filtered by: NotDuplicateReadFilter 
0 read(s) filtered by: PassesVendorQualityCheckReadFilter 
0 read(s) filtered by: NonZeroReferenceLengthAlignmentReadFilter 
0 read(s) filtered by: GoodCigarReadFilter 
0 read(s) filtered by: WellformedReadFilter 
56 total reads filtered
15:13:04.070 INFO  ProgressMeter -       1500kb:1499648              1.7                  8211           4739.3
15:13:04.070 INFO  ProgressMeter - Traversal complete. Processed 8211 total regions in 1.7 minutes.
15:13:04.073 INFO  VectorLoglessPairHMM - Time spent in setup for JNI call : 0.048672534
15:13:04.073 INFO  PairHMM - Total compute time in PairHMM computeLogLikelihoods() : 1.767033872
15:13:04.074 INFO  SmithWatermanAligner - Total compute time in java Smith-Waterman : 62.61 sec
15:13:04.075 INFO  HaplotypeCaller - Shutting down engine
[June 10, 2025 at 3:13:04 PM IRDT] org.broadinstitute.hellbender.tools.walkers.haplotypecaller.HaplotypeCaller done. Elapsed time: 1.74 minutes.
Runtime.totalMemory()=4173332480
15:13:04.135 INFO  ProgressMeter -       1500kb:1414169              1.7                  7740           4599.7
15:13:04.273 INFO  ProgressMeter -       1500kb:1362726              1.7                  7440           4400.4
15:13:04.296 INFO  ProgressMeter -       1500kb:1303711              1.7                  7110           4225.1
15:13:04.339 INFO  HaplotypeCaller - 49 read(s) filtered by: MappingQualityReadFilter 
0 read(s) filtered by: MappingQualityAvailableReadFilter 
0 read(s) filtered by: MappedReadFilter 
0 read(s) filtered by: NotSecondaryAlignmentReadFilter 
0 read(s) filtered by: NotDuplicateReadFilter 
0 read(s) filtered by: PassesVendorQualityCheckReadFilter 
0 read(s) filtered by: NonZeroReferenceLengthAlignmentReadFilter 
0 read(s) filtered by: GoodCigarReadFilter 
3 read(s) filtered by: WellformedReadFilter 
52 total reads filtered
15:13:04.339 INFO  ProgressMeter -       1500kb:1498552              1.7                  8216           4728.1
15:13:04.339 INFO  ProgressMeter - Traversal complete. Processed 8216 total regions in 1.7 minutes.
15:13:04.342 INFO  VectorLoglessPairHMM - Time spent in setup for JNI call : 0.048874725
15:13:04.342 INFO  PairHMM - Total compute time in PairHMM computeLogLikelihoods() : 1.627882115
15:13:04.342 INFO  SmithWatermanAligner - Total compute time in java Smith-Waterman : 62.27 sec
15:13:04.343 INFO  HaplotypeCaller - Shutting down engine
[June 10, 2025 at 3:13:04 PM IRDT] org.broadinstitute.hellbender.tools.walkers.haplotypecaller.HaplotypeCaller done. Elapsed time: 1.74 minutes.
Runtime.totalMemory()=3409969152
Using GATK jar /home/bahonar/miniconda3/envs/SingleCellSim/share/gatk4-4.3.0.0-0/gatk-package-4.3.0.0-local.jar
Running:
    java -Dsamjdk.use_async_io_read_samtools=false -Dsamjdk.use_async_io_write_samtools=true -Dsamjdk.use_async_io_write_tribble=false -Dsamjdk.compression_level=2 -jar /home/bahonar/miniconda3/envs/SingleCellSim/share/gatk4-4.3.0.0-0/gatk-package-4.3.0.0-local.jar HaplotypeCaller -R ../3rd_test_coal3/ref/1.5Mb/reference_sequence_1500kb.fasta -I ../3rd_test_coal3/cellAmpSeq/amplicon_seq_depth20/1.5Mb/MDA/sim4/subset_sort_rg.bam -O ../3rd_test_coal3/cellAmpSeq/amplicon_seq_depth20/1.5Mb/MDA/sim4/subset_lowVAF.vcf --sample-ploidy 2 --min-base-quality-score 5 --pcr-indel-model NONE --standard-min-confidence-threshold-for-calling 5.0 --min-pruning 1
Using GATK jar /home/bahonar/miniconda3/envs/SingleCellSim/share/gatk4-4.3.0.0-0/gatk-package-4.3.0.0-local.jar
Running:
    java -Dsamjdk.use_async_io_read_samtools=false -Dsamjdk.use_async_io_write_samtools=true -Dsamjdk.use_async_io_write_tribble=false -Dsamjdk.compression_level=2 -jar /home/bahonar/miniconda3/envs/SingleCellSim/share/gatk4-4.3.0.0-0/gatk-package-4.3.0.0-local.jar HaplotypeCaller -R ../3rd_test_coal3/ref/1.5Mb/reference_sequence_1500kb.fasta -I ../3rd_test_coal3/cellAmpSeq/amplicon_seq_depth20/1.5Mb/MDA/sim3/subset_sort_rg.bam -O ../3rd_test_coal3/cellAmpSeq/amplicon_seq_depth20/1.5Mb/MDA/sim3/subset_lowVAF.vcf --sample-ploidy 2 --min-base-quality-score 5 --pcr-indel-model NONE --standard-min-confidence-threshold-for-calling 5.0 --min-pruning 1
15:13:04.725 INFO  ProgressMeter -       1500kb:1332214              1.7                  7270           4324.6
15:13:04.907 INFO  ProgressMeter -       1500kb:1357873              1.7                  7420           4410.7
15:13:05.067 INFO  ProgressMeter -       1500kb:1293816              1.7                  7060           4187.9
15:13:05.919 INFO  HaplotypeCaller - 45 read(s) filtered by: MappingQualityReadFilter 
0 read(s) filtered by: MappingQualityAvailableReadFilter 
0 read(s) filtered by: MappedReadFilter 
0 read(s) filtered by: NotSecondaryAlignmentReadFilter 
0 read(s) filtered by: NotDuplicateReadFilter 
0 read(s) filtered by: PassesVendorQualityCheckReadFilter 
0 read(s) filtered by: NonZeroReferenceLengthAlignmentReadFilter 
0 read(s) filtered by: GoodCigarReadFilter 
1 read(s) filtered by: WellformedReadFilter 
46 total reads filtered
15:13:05.920 INFO  ProgressMeter -       1500kb:1497952              1.8                  8228           4685.2
15:13:05.920 INFO  ProgressMeter - Traversal complete. Processed 8228 total regions in 1.8 minutes.
15:13:05.923 INFO  VectorLoglessPairHMM - Time spent in setup for JNI call : 0.047395583000000005
15:13:05.923 INFO  PairHMM - Total compute time in PairHMM computeLogLikelihoods() : 1.734490198
15:13:05.923 INFO  SmithWatermanAligner - Total compute time in java Smith-Waterman : 63.56 sec
15:13:05.924 INFO  HaplotypeCaller - Shutting down engine
[June 10, 2025 at 3:13:05 PM IRDT] org.broadinstitute.hellbender.tools.walkers.haplotypecaller.HaplotypeCaller done. Elapsed time: 1.76 minutes.
Runtime.totalMemory()=3095396352
Using GATK jar /home/bahonar/miniconda3/envs/SingleCellSim/share/gatk4-4.3.0.0-0/gatk-package-4.3.0.0-local.jar
Running:
    java -Dsamjdk.use_async_io_read_samtools=false -Dsamjdk.use_async_io_write_samtools=true -Dsamjdk.use_async_io_write_tribble=false -Dsamjdk.compression_level=2 -jar /home/bahonar/miniconda3/envs/SingleCellSim/share/gatk4-4.3.0.0-0/gatk-package-4.3.0.0-local.jar HaplotypeCaller -R ../3rd_test_coal3/ref/1.5Mb/reference_sequence_1500kb.fasta -I ../3rd_test_coal3/cellAmpSeq/amplicon_seq_depth20/1.5Mb/MDA/sim10/subset_sort_rg.bam -O ../3rd_test_coal3/cellAmpSeq/amplicon_seq_depth20/1.5Mb/MDA/sim10/subset_lowVAF.vcf --sample-ploidy 2 --min-base-quality-score 5 --pcr-indel-model NONE --standard-min-confidence-threshold-for-calling 5.0 --min-pruning 1
15:13:08.313 INFO  HaplotypeCaller - 50 read(s) filtered by: MappingQualityReadFilter 
0 read(s) filtered by: MappingQualityAvailableReadFilter 
0 read(s) filtered by: MappedReadFilter 
0 read(s) filtered by: NotSecondaryAlignmentReadFilter 
0 read(s) filtered by: NotDuplicateReadFilter 
0 read(s) filtered by: PassesVendorQualityCheckReadFilter 
0 read(s) filtered by: NonZeroReferenceLengthAlignmentReadFilter 
0 read(s) filtered by: GoodCigarReadFilter 
3 read(s) filtered by: WellformedReadFilter 
53 total reads filtered
15:13:08.313 INFO  ProgressMeter -       1500kb:1499273              1.8                  8213           4686.8
15:13:08.314 INFO  ProgressMeter - Traversal complete. Processed 8213 total regions in 1.8 minutes.
15:13:08.317 INFO  VectorLoglessPairHMM - Time spent in setup for JNI call : 0.049614014000000005
15:13:08.317 INFO  PairHMM - Total compute time in PairHMM computeLogLikelihoods() : 1.7876305650000002
15:13:08.317 INFO  SmithWatermanAligner - Total compute time in java Smith-Waterman : 64.34 sec
15:13:08.318 INFO  HaplotypeCaller - Shutting down engine
[June 10, 2025 at 3:13:08 PM IRDT] org.broadinstitute.hellbender.tools.walkers.haplotypecaller.HaplotypeCaller done. Elapsed time: 1.76 minutes.
Runtime.totalMemory()=4177526784
Using GATK jar /home/bahonar/miniconda3/envs/SingleCellSim/share/gatk4-4.3.0.0-0/gatk-package-4.3.0.0-local.jar
Running:
    java -Dsamjdk.use_async_io_read_samtools=false -Dsamjdk.use_async_io_write_samtools=true -Dsamjdk.use_async_io_write_tribble=false -Dsamjdk.compression_level=2 -jar /home/bahonar/miniconda3/envs/SingleCellSim/share/gatk4-4.3.0.0-0/gatk-package-4.3.0.0-local.jar HaplotypeCaller -R ../3rd_test_coal3/ref/1.5Mb/reference_sequence_1500kb.fasta -I ../3rd_test_coal3/cellAmpSeq/amplicon_seq_depth20/1.5Mb/MDA/sim8/subset_sort_rg.bam -O ../3rd_test_coal3/cellAmpSeq/amplicon_seq_depth20/1.5Mb/MDA/sim8/subset_lowVAF.vcf --sample-ploidy 2 --min-base-quality-score 5 --pcr-indel-model NONE --standard-min-confidence-threshold-for-calling 5.0 --min-pruning 1
15:13:08.873 INFO  HaplotypeCaller - 51 read(s) filtered by: MappingQualityReadFilter 
0 read(s) filtered by: MappingQualityAvailableReadFilter 
0 read(s) filtered by: MappedReadFilter 
0 read(s) filtered by: NotSecondaryAlignmentReadFilter 
0 read(s) filtered by: NotDuplicateReadFilter 
0 read(s) filtered by: PassesVendorQualityCheckReadFilter 
0 read(s) filtered by: NonZeroReferenceLengthAlignmentReadFilter 
0 read(s) filtered by: GoodCigarReadFilter 
1 read(s) filtered by: WellformedReadFilter 
52 total reads filtered
15:13:08.873 INFO  ProgressMeter -       1500kb:1499348              1.8                  8222           4677.8
15:13:08.874 INFO  ProgressMeter - Traversal complete. Processed 8222 total regions in 1.8 minutes.
15:13:08.877 INFO  VectorLoglessPairHMM - Time spent in setup for JNI call : 0.043360385
15:13:08.877 INFO  PairHMM - Total compute time in PairHMM computeLogLikelihoods() : 1.6491388530000002
15:13:08.877 INFO  SmithWatermanAligner - Total compute time in java Smith-Waterman : 64.08 sec
15:13:08.878 INFO  HaplotypeCaller - Shutting down engine
[June 10, 2025 at 3:13:08 PM IRDT] org.broadinstitute.hellbender.tools.walkers.haplotypecaller.HaplotypeCaller done. Elapsed time: 1.77 minutes.
Runtime.totalMemory()=3309305856
Using GATK jar /home/bahonar/miniconda3/envs/SingleCellSim/share/gatk4-4.3.0.0-0/gatk-package-4.3.0.0-local.jar
Running:
    java -Dsamjdk.use_async_io_read_samtools=false -Dsamjdk.use_async_io_write_samtools=true -Dsamjdk.use_async_io_write_tribble=false -Dsamjdk.compression_level=2 -jar /home/bahonar/miniconda3/envs/SingleCellSim/share/gatk4-4.3.0.0-0/gatk-package-4.3.0.0-local.jar HaplotypeCaller -R ../3rd_test_coal3/ref/1.5Mb/reference_sequence_1500kb.fasta -I ../3rd_test_coal3/cellAmpSeq/amplicon_seq_depth20/1.5Mb/MDA/sim2/subset_sort_rg.bam -O ../3rd_test_coal3/cellAmpSeq/amplicon_seq_depth20/1.5Mb/MDA/sim2/subset_lowVAF.vcf --sample-ploidy 2 --min-base-quality-score 5 --pcr-indel-model NONE --standard-min-confidence-threshold-for-calling 5.0 --min-pruning 1
15:13:12.140 INFO  HaplotypeCaller - 55 read(s) filtered by: MappingQualityReadFilter 
0 read(s) filtered by: MappingQualityAvailableReadFilter 
0 read(s) filtered by: MappedReadFilter 
0 read(s) filtered by: NotSecondaryAlignmentReadFilter 
0 read(s) filtered by: NotDuplicateReadFilter 
0 read(s) filtered by: PassesVendorQualityCheckReadFilter 
0 read(s) filtered by: NonZeroReferenceLengthAlignmentReadFilter 
0 read(s) filtered by: GoodCigarReadFilter 
0 read(s) filtered by: WellformedReadFilter 
55 total reads filtered
15:13:12.140 INFO  ProgressMeter -       1500kb:1499348              1.8                  8202           4502.0
15:13:12.140 INFO  ProgressMeter - Traversal complete. Processed 8202 total regions in 1.8 minutes.
15:13:12.143 INFO  VectorLoglessPairHMM - Time spent in setup for JNI call : 0.043948027
15:13:12.143 INFO  PairHMM - Total compute time in PairHMM computeLogLikelihoods() : 1.7316393010000002
15:13:12.143 INFO  SmithWatermanAligner - Total compute time in java Smith-Waterman : 66.21 sec
15:13:12.144 INFO  HaplotypeCaller - Shutting down engine
[June 10, 2025 at 3:13:12 PM IRDT] org.broadinstitute.hellbender.tools.walkers.haplotypecaller.HaplotypeCaller done. Elapsed time: 1.83 minutes.
Runtime.totalMemory()=3573547008
Using GATK jar /home/bahonar/miniconda3/envs/SingleCellSim/share/gatk4-4.3.0.0-0/gatk-package-4.3.0.0-local.jar
Running:
    java -Dsamjdk.use_async_io_read_samtools=false -Dsamjdk.use_async_io_write_samtools=true -Dsamjdk.use_async_io_write_tribble=false -Dsamjdk.compression_level=2 -jar /home/bahonar/miniconda3/envs/SingleCellSim/share/gatk4-4.3.0.0-0/gatk-package-4.3.0.0-local.jar HaplotypeCaller -R ../3rd_test_coal3/ref/1.5Mb/reference_sequence_1500kb.fasta -I ../3rd_test_coal3/cellAmpSeq/amplicon_seq_depth20/1.5Mb/MDA/sim9/subset_sort_rg.bam -O ../3rd_test_coal3/cellAmpSeq/amplicon_seq_depth20/1.5Mb/MDA/sim9/subset_lowVAF.vcf --sample-ploidy 2 --min-base-quality-score 5 --pcr-indel-model NONE --standard-min-confidence-threshold-for-calling 5.0 --min-pruning 1
15:13:13.481 INFO  HaplotypeCaller - 53 read(s) filtered by: MappingQualityReadFilter 
0 read(s) filtered by: MappingQualityAvailableReadFilter 
0 read(s) filtered by: MappedReadFilter 
0 read(s) filtered by: NotSecondaryAlignmentReadFilter 
0 read(s) filtered by: NotDuplicateReadFilter 
0 read(s) filtered by: PassesVendorQualityCheckReadFilter 
0 read(s) filtered by: NonZeroReferenceLengthAlignmentReadFilter 
0 read(s) filtered by: GoodCigarReadFilter 
2 read(s) filtered by: WellformedReadFilter 
55 total reads filtered
15:13:13.481 INFO  ProgressMeter -       1500kb:1498455              1.8                  8218           4498.1
15:13:13.481 INFO  ProgressMeter - Traversal complete. Processed 8218 total regions in 1.8 minutes.
15:13:13.484 INFO  VectorLoglessPairHMM - Time spent in setup for JNI call : 0.050330189000000004
15:13:13.485 INFO  PairHMM - Total compute time in PairHMM computeLogLikelihoods() : 1.9010015750000002
15:13:13.485 INFO  SmithWatermanAligner - Total compute time in java Smith-Waterman : 68.60 sec
15:13:13.486 INFO  HaplotypeCaller - Shutting down engine
[June 10, 2025 at 3:13:13 PM IRDT] org.broadinstitute.hellbender.tools.walkers.haplotypecaller.HaplotypeCaller done. Elapsed time: 1.84 minutes.
Runtime.totalMemory()=3946840064
Using GATK jar /home/bahonar/miniconda3/envs/SingleCellSim/share/gatk4-4.3.0.0-0/gatk-package-4.3.0.0-local.jar
Running:
    java -Dsamjdk.use_async_io_read_samtools=false -Dsamjdk.use_async_io_write_samtools=true -Dsamjdk.use_async_io_write_tribble=false -Dsamjdk.compression_level=2 -jar /home/bahonar/miniconda3/envs/SingleCellSim/share/gatk4-4.3.0.0-0/gatk-package-4.3.0.0-local.jar HaplotypeCaller -R ../3rd_test_coal3/ref/1.5Mb/reference_sequence_1500kb.fasta -I ../3rd_test_coal3/cellAmpSeq/amplicon_seq_depth20/1.5Mb/MDA/sim5/subset_sort_rg.bam -O ../3rd_test_coal3/cellAmpSeq/amplicon_seq_depth20/1.5Mb/MDA/sim5/subset_lowVAF.vcf --sample-ploidy 2 --min-base-quality-score 5 --pcr-indel-model NONE --standard-min-confidence-threshold-for-calling 5.0 --min-pruning 1
15:13:14.056 INFO  HaplotypeCaller - 53 read(s) filtered by: MappingQualityReadFilter 
0 read(s) filtered by: MappingQualityAvailableReadFilter 
0 read(s) filtered by: MappedReadFilter 
0 read(s) filtered by: NotSecondaryAlignmentReadFilter 
0 read(s) filtered by: NotDuplicateReadFilter 
0 read(s) filtered by: PassesVendorQualityCheckReadFilter 
0 read(s) filtered by: NonZeroReferenceLengthAlignmentReadFilter 
0 read(s) filtered by: GoodCigarReadFilter 
5 read(s) filtered by: WellformedReadFilter 
58 total reads filtered
15:13:14.056 INFO  ProgressMeter -       1500kb:1498552              1.8                  8216           4478.0
15:13:14.056 INFO  ProgressMeter - Traversal complete. Processed 8216 total regions in 1.8 minutes.
15:13:14.059 INFO  VectorLoglessPairHMM - Time spent in setup for JNI call : 0.049836669
15:13:14.059 INFO  PairHMM - Total compute time in PairHMM computeLogLikelihoods() : 1.960962239
15:13:14.059 INFO  SmithWatermanAligner - Total compute time in java Smith-Waterman : 67.21 sec
15:13:14.060 INFO  HaplotypeCaller - Shutting down engine
[June 10, 2025 at 3:13:14 PM IRDT] org.broadinstitute.hellbender.tools.walkers.haplotypecaller.HaplotypeCaller done. Elapsed time: 1.84 minutes.
Runtime.totalMemory()=3892314112
Using GATK jar /home/bahonar/miniconda3/envs/SingleCellSim/share/gatk4-4.3.0.0-0/gatk-package-4.3.0.0-local.jar
Running:
    java -Dsamjdk.use_async_io_read_samtools=false -Dsamjdk.use_async_io_write_samtools=true -Dsamjdk.use_async_io_write_tribble=false -Dsamjdk.compression_level=2 -jar /home/bahonar/miniconda3/envs/SingleCellSim/share/gatk4-4.3.0.0-0/gatk-package-4.3.0.0-local.jar HaplotypeCaller -R ../3rd_test_coal3/ref/1.5Mb/reference_sequence_1500kb.fasta -I ../3rd_test_coal3/cellAmpSeq/amplicon_seq_depth20/1.5Mb/MDA/sim1/subset_sort_rg.bam -O ../3rd_test_coal3/cellAmpSeq/amplicon_seq_depth20/1.5Mb/MDA/sim1/subset_lowVAF.vcf --sample-ploidy 2 --min-base-quality-score 5 --pcr-indel-model NONE --standard-min-confidence-threshold-for-calling 5.0 --min-pruning 1
15:13:14.313 INFO  ProgressMeter -       1500kb:1439546              1.8                  7890           4265.5
15:13:15.148 INFO  ProgressMeter -       1500kb:1457417              1.9                  8000           4315.4
15:13:16.524 INFO  HaplotypeCaller - 59 read(s) filtered by: MappingQualityReadFilter 
0 read(s) filtered by: MappingQualityAvailableReadFilter 
0 read(s) filtered by: MappedReadFilter 
0 read(s) filtered by: NotSecondaryAlignmentReadFilter 
0 read(s) filtered by: NotDuplicateReadFilter 
0 read(s) filtered by: PassesVendorQualityCheckReadFilter 
0 read(s) filtered by: NonZeroReferenceLengthAlignmentReadFilter 
0 read(s) filtered by: GoodCigarReadFilter 
0 read(s) filtered by: WellformedReadFilter 
59 total reads filtered
15:13:16.524 INFO  ProgressMeter -       1500kb:1499157              1.9                  8224           4382.0
15:13:16.524 INFO  ProgressMeter - Traversal complete. Processed 8224 total regions in 1.9 minutes.
15:13:16.527 INFO  VectorLoglessPairHMM - Time spent in setup for JNI call : 0.052048126
15:13:16.527 INFO  PairHMM - Total compute time in PairHMM computeLogLikelihoods() : 1.8696317050000002
15:13:16.527 INFO  SmithWatermanAligner - Total compute time in java Smith-Waterman : 68.71 sec
15:13:16.529 INFO  HaplotypeCaller - Shutting down engine
[June 10, 2025 at 3:13:16 PM IRDT] org.broadinstitute.hellbender.tools.walkers.haplotypecaller.HaplotypeCaller done. Elapsed time: 1.89 minutes.
Runtime.totalMemory()=3464495104
Using GATK jar /home/bahonar/miniconda3/envs/SingleCellSim/share/gatk4-4.3.0.0-0/gatk-package-4.3.0.0-local.jar
Running:
    java -Dsamjdk.use_async_io_read_samtools=false -Dsamjdk.use_async_io_write_samtools=true -Dsamjdk.use_async_io_write_tribble=false -Dsamjdk.compression_level=2 -jar /home/bahonar/miniconda3/envs/SingleCellSim/share/gatk4-4.3.0.0-0/gatk-package-4.3.0.0-local.jar HaplotypeCaller -R ../3rd_test_coal3/ref/1.5Mb/reference_sequence_1500kb.fasta -I ../3rd_test_coal3/cellAmpSeq/amplicon_seq_depth20/1.5Mb/MDA/sim7/subset_sort_rg.bam -O ../3rd_test_coal3/cellAmpSeq/amplicon_seq_depth20/1.5Mb/MDA/sim7/subset_lowVAF.vcf --sample-ploidy 2 --min-base-quality-score 5 --pcr-indel-model NONE --standard-min-confidence-threshold-for-calling 5.0 --min-pruning 1
15:13:17.264 INFO  HaplotypeCaller - 57 read(s) filtered by: MappingQualityReadFilter 
0 read(s) filtered by: MappingQualityAvailableReadFilter 
0 read(s) filtered by: MappedReadFilter 
0 read(s) filtered by: NotSecondaryAlignmentReadFilter 
0 read(s) filtered by: NotDuplicateReadFilter 
0 read(s) filtered by: PassesVendorQualityCheckReadFilter 
0 read(s) filtered by: NonZeroReferenceLengthAlignmentReadFilter 
0 read(s) filtered by: GoodCigarReadFilter 
0 read(s) filtered by: WellformedReadFilter 
57 total reads filtered
15:13:17.265 INFO  ProgressMeter -       1500kb:1499348              1.9                  8222           4329.8
15:13:17.265 INFO  ProgressMeter - Traversal complete. Processed 8222 total regions in 1.9 minutes.
15:13:17.269 INFO  VectorLoglessPairHMM - Time spent in setup for JNI call : 0.048259512000000004
15:13:17.269 INFO  PairHMM - Total compute time in PairHMM computeLogLikelihoods() : 1.748504167
15:13:17.269 INFO  SmithWatermanAligner - Total compute time in java Smith-Waterman : 69.91 sec
15:13:17.270 INFO  HaplotypeCaller - Shutting down engine
[June 10, 2025 at 3:13:17 PM IRDT] org.broadinstitute.hellbender.tools.walkers.haplotypecaller.HaplotypeCaller done. Elapsed time: 1.91 minutes.
Runtime.totalMemory()=3460300800
Using GATK jar /home/bahonar/miniconda3/envs/SingleCellSim/share/gatk4-4.3.0.0-0/gatk-package-4.3.0.0-local.jar
Running:
    java -Dsamjdk.use_async_io_read_samtools=false -Dsamjdk.use_async_io_write_samtools=true -Dsamjdk.use_async_io_write_tribble=false -Dsamjdk.compression_level=2 -jar /home/bahonar/miniconda3/envs/SingleCellSim/share/gatk4-4.3.0.0-0/gatk-package-4.3.0.0-local.jar HaplotypeCaller -R ../3rd_test_coal3/ref/1.5Mb/reference_sequence_1500kb.fasta -I ../3rd_test_coal3/cellAmpSeq/amplicon_seq_depth20/1.5Mb/MDA/sim6/subset_sort_rg.bam -O ../3rd_test_coal3/cellAmpSeq/amplicon_seq_depth20/1.5Mb/MDA/sim6/subset_lowVAF.vcf --sample-ploidy 2 --min-base-quality-score 5 --pcr-indel-model NONE --standard-min-confidence-threshold-for-calling 5.0 --min-pruning 1
00:32:15.272 INFO  NativeLibraryLoader - Loading libgkl_compression.so from jar:file:/home/bahonar/miniconda3/envs/SingleCellSim/share/gatk4-4.3.0.0-0/gatk-package-4.3.0.0-local.jar!/com/intel/gkl/native/libgkl_compression.so
00:32:15.398 INFO  HaplotypeCaller - ------------------------------------------------------------
00:32:15.399 INFO  HaplotypeCaller - The Genome Analysis Toolkit (GATK) v4.3.0.0
00:32:15.399 INFO  HaplotypeCaller - For support and documentation go to https://software.broadinstitute.org/gatk/
00:32:15.399 INFO  HaplotypeCaller - Executing as bahonar@ibbadmin-Super-Server on Linux v6.8.0-59-generic amd64
00:32:15.399 INFO  HaplotypeCaller - Java runtime: OpenJDK 64-Bit Server VM v11.0.13+7-b1751.21
00:32:15.399 INFO  HaplotypeCaller - Start Date/Time: June 13, 2025 at 12:32:15 AM IRDT
00:32:15.399 INFO  HaplotypeCaller - ------------------------------------------------------------
00:32:15.399 INFO  HaplotypeCaller - ------------------------------------------------------------
00:32:15.400 INFO  HaplotypeCaller - HTSJDK Version: 3.0.1
00:32:15.400 INFO  HaplotypeCaller - Picard Version: 2.27.5
00:32:15.400 INFO  HaplotypeCaller - Built for Spark Version: 2.4.5
00:32:15.400 INFO  HaplotypeCaller - HTSJDK Defaults.COMPRESSION_LEVEL : 2
00:32:15.400 INFO  HaplotypeCaller - HTSJDK Defaults.USE_ASYNC_IO_READ_FOR_SAMTOOLS : false
00:32:15.400 INFO  HaplotypeCaller - HTSJDK Defaults.USE_ASYNC_IO_WRITE_FOR_SAMTOOLS : true
00:32:15.400 INFO  HaplotypeCaller - HTSJDK Defaults.USE_ASYNC_IO_WRITE_FOR_TRIBBLE : false
00:32:15.400 INFO  HaplotypeCaller - Deflater: IntelDeflater
00:32:15.400 INFO  HaplotypeCaller - Inflater: IntelInflater
00:32:15.401 INFO  HaplotypeCaller - GCS max retries/reopens: 20
00:32:15.401 INFO  HaplotypeCaller - Requester pays: disabled
00:32:15.401 INFO  HaplotypeCaller - Initializing engine
00:32:15.593 INFO  HaplotypeCaller - Done initializing engine
00:32:15.604 INFO  HaplotypeCallerEngine - Disabling physical phasing, which is supported only for reference-model confidence output
00:32:15.620 INFO  NativeLibraryLoader - Loading libgkl_utils.so from jar:file:/home/bahonar/miniconda3/envs/SingleCellSim/share/gatk4-4.3.0.0-0/gatk-package-4.3.0.0-local.jar!/com/intel/gkl/native/libgkl_utils.so
00:32:15.622 INFO  NativeLibraryLoader - Loading libgkl_pairhmm_omp.so from jar:file:/home/bahonar/miniconda3/envs/SingleCellSim/share/gatk4-4.3.0.0-0/gatk-package-4.3.0.0-local.jar!/com/intel/gkl/native/libgkl_pairhmm_omp.so
00:32:15.641 INFO  IntelPairHmm - Using CPU-supported AVX-512 instructions
00:32:15.641 INFO  IntelPairHmm - Flush-to-zero (FTZ) is enabled when running PairHMM
00:32:15.642 INFO  IntelPairHmm - Available threads: 80
00:32:15.642 INFO  IntelPairHmm - Requested threads: 4
00:32:15.642 INFO  PairHMM - Using the OpenMP multi-threaded AVX-accelerated native PairHMM implementation
00:32:15.686 INFO  ProgressMeter - Starting traversal
00:32:15.686 INFO  ProgressMeter -        Current Locus  Elapsed Minutes     Regions Processed   Regions/Minute
00:32:25.691 INFO  ProgressMeter -        chr1:55832701              0.2                186110        1116660.0
00:32:35.688 INFO  ProgressMeter -       chr1:118088701              0.3                393630        1180890.0
00:32:45.687 INFO  ProgressMeter -       chr1:185180701              0.5                617270        1234540.0
00:32:55.687 INFO  ProgressMeter -          chr2:480901              0.7                832440        1248660.0
00:33:05.687 INFO  ProgressMeter -        chr2:65616901              0.8               1049560        1259472.0
00:33:15.687 INFO  ProgressMeter -       chr2:129951901              1.0               1264010        1264010.0
00:33:25.687 INFO  ProgressMeter -       chr2:193650901              1.2               1476340        1265434.3
00:33:35.687 INFO  ProgressMeter -        chr3:13643401              1.3               1686980        1265235.0
00:33:45.687 INFO  ProgressMeter -        chr3:82238401              1.5               1915630        1277086.7
00:33:55.687 INFO  ProgressMeter -       chr3:146306401              1.7               2129190        1277514.0
00:34:05.687 INFO  ProgressMeter -        chr4:10671901              1.8               2337150        1274809.1
00:34:15.687 INFO  ProgressMeter -        chr4:78621901              2.0               2563650        1281825.0
00:34:25.687 INFO  ProgressMeter -       chr4:142992901              2.2               2778220        1282255.4
00:34:35.687 INFO  ProgressMeter -        chr5:17196601              2.3               2996080        1284034.3
00:34:45.687 INFO  ProgressMeter -        chr5:85920601              2.5               3225160        1290064.0
00:34:55.687 INFO  ProgressMeter -       chr5:149877601              2.7               3438350        1289381.3
00:35:05.687 INFO  ProgressMeter -        chr6:35415301              2.8               3659860        1291715.3
00:35:15.687 INFO  ProgressMeter -       chr6:102924301              3.0               3884890        1294963.3
00:35:25.687 INFO  ProgressMeter -       chr6:166941301              3.2               4098280        1294193.7
00:35:35.687 INFO  ProgressMeter -        chr7:64823101              3.3               4328270        1298481.0
00:35:45.687 INFO  ProgressMeter -       chr7:130205101              3.5               4546210        1298917.1
00:35:55.687 INFO  ProgressMeter -        chrX:38089201              3.7               4769620        1300805.5
00:36:05.687 INFO  ProgressMeter -       chrX:105541201              3.8               4994460        1302902.6
00:36:15.689 INFO  ProgressMeter -        chr8:15478501              4.0               5211820        1302949.6
00:36:25.688 INFO  ProgressMeter -        chr8:84511501              4.2               5441930        1306058.0
00:36:35.688 INFO  ProgressMeter -         chr9:1891201              4.3               5654410        1304858.8
00:36:45.688 INFO  ProgressMeter -        chr9:71239201              4.5               5885570        1307899.6
00:36:55.688 INFO  ProgressMeter -       chr9:135520201              4.7               6099840        1307103.9
00:36:56.963 WARN  InbreedingCoeff - InbreedingCoeff will not be calculated at position chr10:61372 and possibly subsequent; at least 10 samples must have called genotypes
00:37:05.724 INFO  ProgressMeter -         chr10:674755              4.8               6121910        1266444.9
00:37:15.769 INFO  ProgressMeter -        chr10:1204273              5.0               6124810        1224627.3
00:37:25.777 INFO  ProgressMeter -        chr10:1578388              5.2               6126910        1185509.4
00:37:35.830 INFO  ProgressMeter -        chr10:1970855              5.3               6129170        1148706.0
00:37:45.862 INFO  ProgressMeter -        chr10:2308663              5.5               6131270        1114185.5
00:37:55.862 INFO  ProgressMeter -        chr10:2779789              5.7               6133900        1081896.1
00:38:06.120 INFO  ProgressMeter -        chr10:3172783              5.8               6136130        1050608.2
00:38:16.180 INFO  ProgressMeter -        chr10:3687215              6.0               6138890        1021749.1
00:38:26.208 INFO  ProgressMeter -        chr10:4028118              6.2               6140880         994418.1
00:38:36.242 INFO  ProgressMeter -        chr10:4592494              6.3               6143730         968647.9
00:38:46.254 INFO  ProgressMeter -        chr10:5019493              6.5               6146220         944199.6
00:38:56.332 INFO  ProgressMeter -        chr10:5890127              6.7               6150260         921053.8
00:39:06.351 INFO  ProgressMeter -        chr10:6301772              6.8               6152620         898927.6
00:39:16.373 INFO  ProgressMeter -        chr10:6724074              7.0               6155000         877851.9
00:39:26.398 INFO  ProgressMeter -        chr10:7150436              7.2               6157420         857756.6
00:39:36.411 INFO  ProgressMeter -        chr10:7629806              7.3               6160030         838624.2
00:39:46.434 INFO  ProgressMeter -        chr10:8248708              7.5               6163180         820395.5
00:39:56.451 INFO  ProgressMeter -        chr10:8689085              7.7               6165730         802892.2
00:40:06.488 INFO  ProgressMeter -        chr10:9209777              7.8               6168500         786130.0
00:40:16.501 INFO  ProgressMeter -        chr10:9799340              8.0               6171400         770119.0
00:40:26.528 INFO  ProgressMeter -       chr10:10278810              8.2               6174010         754705.9
00:40:36.560 INFO  ProgressMeter -       chr10:10775533              8.3               6176690         739910.9
Using GATK jar /home/bahonar/miniconda3/envs/SingleCellSim/share/gatk4-4.3.0.0-0/gatk-package-4.3.0.0-local.jar
Running:
    java -Dsamjdk.use_async_io_read_samtools=false -Dsamjdk.use_async_io_write_samtools=true -Dsamjdk.use_async_io_write_tribble=false -Dsamjdk.compression_level=2 -jar /home/bahonar/miniconda3/envs/SingleCellSim/share/gatk4-4.3.0.0-0/gatk-package-4.3.0.0-local.jar HaplotypeCaller -R /home/bahonar/reference/chr10_hg19/hg19_chr10.fa -I /home/bahonar/bahonar_work/SRP178894/bulk_SRR8438299/trimmed/SRR8438299_trimmed_sort_chr10_rg.bam -O /home/bahonar/bahonar_work/SRP178894/haplotypecaller/homo_test/bulk.vcf --standard-min-confidence-threshold-for-calling 30.0 --dont-use-soft-clipped-bases
Traceback (most recent call last):
  File "evaluation/test_gatk_haplo/hom_snps.py", line 92, in <module>
    main()
  File "evaluation/test_gatk_haplo/hom_snps.py", line 85, in main
    run_gatk_bulk_haplotypecaller(args.bulk_bam, args.reference, bulk_vcf)
  File "evaluation/test_gatk_haplo/hom_snps.py", line 15, in run_gatk_bulk_haplotypecaller
    subprocess.run(cmd, check=True)
  File "/home/bahonar/miniconda3/envs/SingleCellSim/lib/python3.8/subprocess.py", line 516, in run
    raise CalledProcessError(retcode, process.args,
subprocess.CalledProcessError: Command '['gatk', 'HaplotypeCaller', '-R', '/home/bahonar/reference/chr10_hg19/hg19_chr10.fa', '-I', '/home/bahonar/bahonar_work/SRP178894/bulk_SRR8438299/trimmed/SRR8438299_trimmed_sort_chr10_rg.bam', '-O', '/home/bahonar/bahonar_work/SRP178894/haplotypecaller/homo_test/bulk.vcf', '--standard-min-confidence-threshold-for-calling', '30.0', '--dont-use-soft-clipped-bases']' returned non-zero exit status 143.
usage: hom_snps.py [-h] --bulk-bam BULK_BAM --sc-bam SC_BAM --reference
                   REFERENCE --outdir OUTDIR --prefix PREFIX
hom_snps.py: error: unrecognized arguments: SRR8438253_chr10
00:56:31.674 INFO  NativeLibraryLoader - Loading libgkl_compression.so from jar:file:/home/bahonar/miniconda3/envs/SingleCellSim/share/gatk4-4.3.0.0-0/gatk-package-4.3.0.0-local.jar!/com/intel/gkl/native/libgkl_compression.so
00:56:31.806 INFO  HaplotypeCaller - ------------------------------------------------------------
00:56:31.807 INFO  HaplotypeCaller - The Genome Analysis Toolkit (GATK) v4.3.0.0
00:56:31.807 INFO  HaplotypeCaller - For support and documentation go to https://software.broadinstitute.org/gatk/
00:56:31.807 INFO  HaplotypeCaller - Executing as bahonar@ibbadmin-Super-Server on Linux v6.8.0-59-generic amd64
00:56:31.807 INFO  HaplotypeCaller - Java runtime: OpenJDK 64-Bit Server VM v11.0.13+7-b1751.21
00:56:31.807 INFO  HaplotypeCaller - Start Date/Time: June 13, 2025 at 12:56:31 AM IRDT
00:56:31.808 INFO  HaplotypeCaller - ------------------------------------------------------------
00:56:31.808 INFO  HaplotypeCaller - ------------------------------------------------------------
00:56:31.808 INFO  HaplotypeCaller - HTSJDK Version: 3.0.1
00:56:31.808 INFO  HaplotypeCaller - Picard Version: 2.27.5
00:56:31.809 INFO  HaplotypeCaller - Built for Spark Version: 2.4.5
00:56:31.809 INFO  HaplotypeCaller - HTSJDK Defaults.COMPRESSION_LEVEL : 2
00:56:31.809 INFO  HaplotypeCaller - HTSJDK Defaults.USE_ASYNC_IO_READ_FOR_SAMTOOLS : false
00:56:31.809 INFO  HaplotypeCaller - HTSJDK Defaults.USE_ASYNC_IO_WRITE_FOR_SAMTOOLS : true
00:56:31.809 INFO  HaplotypeCaller - HTSJDK Defaults.USE_ASYNC_IO_WRITE_FOR_TRIBBLE : false
00:56:31.809 INFO  HaplotypeCaller - Deflater: IntelDeflater
00:56:31.809 INFO  HaplotypeCaller - Inflater: IntelInflater
00:56:31.809 INFO  HaplotypeCaller - GCS max retries/reopens: 20
00:56:31.809 INFO  HaplotypeCaller - Requester pays: disabled
00:56:31.809 INFO  HaplotypeCaller - Initializing engine
00:56:32.007 INFO  HaplotypeCaller - Done initializing engine
00:56:32.017 INFO  HaplotypeCallerEngine - Disabling physical phasing, which is supported only for reference-model confidence output
00:56:32.030 INFO  NativeLibraryLoader - Loading libgkl_utils.so from jar:file:/home/bahonar/miniconda3/envs/SingleCellSim/share/gatk4-4.3.0.0-0/gatk-package-4.3.0.0-local.jar!/com/intel/gkl/native/libgkl_utils.so
00:56:32.032 INFO  NativeLibraryLoader - Loading libgkl_pairhmm_omp.so from jar:file:/home/bahonar/miniconda3/envs/SingleCellSim/share/gatk4-4.3.0.0-0/gatk-package-4.3.0.0-local.jar!/com/intel/gkl/native/libgkl_pairhmm_omp.so
00:56:32.045 INFO  IntelPairHmm - Using CPU-supported AVX-512 instructions
00:56:32.045 INFO  IntelPairHmm - Flush-to-zero (FTZ) is enabled when running PairHMM
00:56:32.046 INFO  IntelPairHmm - Available threads: 80
00:56:32.046 INFO  IntelPairHmm - Requested threads: 5
00:56:32.046 INFO  PairHMM - Using the OpenMP multi-threaded AVX-accelerated native PairHMM implementation
00:56:32.083 INFO  ProgressMeter - Starting traversal
00:56:32.083 INFO  ProgressMeter -        Current Locus  Elapsed Minutes     Regions Processed   Regions/Minute
00:56:42.088 INFO  ProgressMeter -        chr1:53432701              0.2                178110        1068660.0
00:56:52.083 INFO  ProgressMeter -       chr1:114926701              0.3                383090        1149270.0
00:57:02.083 INFO  ProgressMeter -       chr1:182141701              0.5                607140        1214280.0
00:57:12.083 INFO  ProgressMeter -       chr1:247826701              0.7                826090        1239135.0
00:57:22.083 INFO  ProgressMeter -        chr2:70539901              0.8               1065970        1279164.0
00:57:32.084 INFO  ProgressMeter -       chr2:142329901              1.0               1305270        1305270.0
00:57:42.083 INFO  ProgressMeter -       chr2:212808901              1.2               1540200        1320171.4
00:57:52.083 INFO  ProgressMeter -        chr3:40022401              1.3               1774910        1331182.5
00:58:02.083 INFO  ProgressMeter -       chr3:110894401              1.5               2011150        1340766.7
00:58:12.083 INFO  ProgressMeter -       chr3:175103401              1.7               2225180        1335108.0
00:58:22.083 INFO  ProgressMeter -        chr4:45459901              1.8               2453110        1338060.0
00:58:32.083 INFO  ProgressMeter -       chr4:115578901              2.0               2686840        1343420.0
00:58:42.083 INFO  ProgressMeter -       chr4:180780901              2.2               2904180        1340390.8
00:58:52.083 INFO  ProgressMeter -        chr5:58698601              2.3               3134420        1343322.9
00:59:02.083 INFO  ProgressMeter -       chr5:128259601              2.5               3366290        1346516.0
00:59:12.083 INFO  ProgressMeter -        chr6:14682301              2.7               3590750        1346531.3
00:59:22.083 INFO  ProgressMeter -        chr6:85950301              2.8               3828310        1351168.2
00:59:23.864 INFO  NativeLibraryLoader - Loading libgkl_compression.so from jar:file:/home/bahonar/miniconda3/envs/SingleCellSim/share/gatk4-4.3.0.0-0/gatk-package-4.3.0.0-local.jar!/com/intel/gkl/native/libgkl_compression.so
00:59:23.997 INFO  HaplotypeCaller - ------------------------------------------------------------
00:59:23.997 INFO  HaplotypeCaller - The Genome Analysis Toolkit (GATK) v4.3.0.0
00:59:23.997 INFO  HaplotypeCaller - For support and documentation go to https://software.broadinstitute.org/gatk/
00:59:23.997 INFO  HaplotypeCaller - Executing as bahonar@ibbadmin-Super-Server on Linux v6.8.0-59-generic amd64
00:59:23.997 INFO  HaplotypeCaller - Java runtime: OpenJDK 64-Bit Server VM v11.0.13+7-b1751.21
00:59:23.998 INFO  HaplotypeCaller - Start Date/Time: June 13, 2025 at 12:59:23 AM IRDT
00:59:23.998 INFO  HaplotypeCaller - ------------------------------------------------------------
00:59:23.998 INFO  HaplotypeCaller - ------------------------------------------------------------
00:59:23.998 INFO  HaplotypeCaller - HTSJDK Version: 3.0.1
00:59:23.999 INFO  HaplotypeCaller - Picard Version: 2.27.5
00:59:23.999 INFO  HaplotypeCaller - Built for Spark Version: 2.4.5
00:59:23.999 INFO  HaplotypeCaller - HTSJDK Defaults.COMPRESSION_LEVEL : 2
00:59:23.999 INFO  HaplotypeCaller - HTSJDK Defaults.USE_ASYNC_IO_READ_FOR_SAMTOOLS : false
00:59:23.999 INFO  HaplotypeCaller - HTSJDK Defaults.USE_ASYNC_IO_WRITE_FOR_SAMTOOLS : true
00:59:23.999 INFO  HaplotypeCaller - HTSJDK Defaults.USE_ASYNC_IO_WRITE_FOR_TRIBBLE : false
00:59:23.999 INFO  HaplotypeCaller - Deflater: IntelDeflater
00:59:23.999 INFO  HaplotypeCaller - Inflater: IntelInflater
00:59:23.999 INFO  HaplotypeCaller - GCS max retries/reopens: 20
00:59:23.999 INFO  HaplotypeCaller - Requester pays: disabled
00:59:23.999 INFO  HaplotypeCaller - Initializing engine
00:59:24.260 INFO  HaplotypeCaller - Done initializing engine
00:59:24.267 INFO  HaplotypeCallerEngine - Disabling physical phasing, which is supported only for reference-model confidence output
00:59:24.279 INFO  NativeLibraryLoader - Loading libgkl_utils.so from jar:file:/home/bahonar/miniconda3/envs/SingleCellSim/share/gatk4-4.3.0.0-0/gatk-package-4.3.0.0-local.jar!/com/intel/gkl/native/libgkl_utils.so
00:59:24.280 INFO  NativeLibraryLoader - Loading libgkl_pairhmm_omp.so from jar:file:/home/bahonar/miniconda3/envs/SingleCellSim/share/gatk4-4.3.0.0-0/gatk-package-4.3.0.0-local.jar!/com/intel/gkl/native/libgkl_pairhmm_omp.so
00:59:24.293 INFO  IntelPairHmm - Using CPU-supported AVX-512 instructions
00:59:24.293 INFO  IntelPairHmm - Flush-to-zero (FTZ) is enabled when running PairHMM
00:59:24.293 INFO  IntelPairHmm - Available threads: 80
00:59:24.293 INFO  IntelPairHmm - Requested threads: 5
00:59:24.293 INFO  PairHMM - Using the OpenMP multi-threaded AVX-accelerated native PairHMM implementation
00:59:24.324 INFO  ProgressMeter - Starting traversal
00:59:24.324 INFO  ProgressMeter -        Current Locus  Elapsed Minutes     Regions Processed   Regions/Minute
00:59:32.083 INFO  ProgressMeter -       chr6:151620301              3.0               4047210        1349070.0
00:59:34.329 INFO  ProgressMeter -        chr1:54299701              0.2                181000        1086000.0
00:59:42.083 INFO  ProgressMeter -        chr7:48785101              3.2               4274810        1349940.0
00:59:44.325 INFO  ProgressMeter -       chr1:114839701              0.3                382800        1148400.0
00:59:52.083 INFO  ProgressMeter -       chr7:118103101              3.3               4505870        1351761.0
00:59:54.326 INFO  ProgressMeter -       chr1:180224701              0.5                600750        1201500.0
01:00:02.083 INFO  ProgressMeter -        chrX:26122201              3.5               4729730        1351351.4
01:00:04.325 INFO  ProgressMeter -       chr1:243638701              0.7                812130        1218195.0
01:00:12.083 INFO  ProgressMeter -        chrX:96448201              3.7               4964150        1353859.1
01:00:14.325 INFO  ProgressMeter -        chr2:62607901              0.8               1039530        1247436.0
01:00:22.083 INFO  ProgressMeter -         chr8:7663501              3.8               5185770        1352809.6
01:00:24.326 INFO  ProgressMeter -       chr2:132921901              1.0               1273910        1273910.0
01:00:30.104 INFO  NativeLibraryLoader - Loading libgkl_compression.so from jar:file:/home/bahonar/miniconda3/envs/SingleCellSim/share/gatk4-4.3.0.0-0/gatk-package-4.3.0.0-local.jar!/com/intel/gkl/native/libgkl_compression.so
01:00:30.237 INFO  HaplotypeCaller - ------------------------------------------------------------
01:00:30.238 INFO  HaplotypeCaller - The Genome Analysis Toolkit (GATK) v4.3.0.0
01:00:30.238 INFO  HaplotypeCaller - For support and documentation go to https://software.broadinstitute.org/gatk/
01:00:30.238 INFO  HaplotypeCaller - Executing as bahonar@ibbadmin-Super-Server on Linux v6.8.0-59-generic amd64
01:00:30.238 INFO  HaplotypeCaller - Java runtime: OpenJDK 64-Bit Server VM v11.0.13+7-b1751.21
01:00:30.238 INFO  HaplotypeCaller - Start Date/Time: June 13, 2025 at 1:00:30 AM IRDT
01:00:30.238 INFO  HaplotypeCaller - ------------------------------------------------------------
01:00:30.238 INFO  HaplotypeCaller - ------------------------------------------------------------
01:00:30.239 INFO  HaplotypeCaller - HTSJDK Version: 3.0.1
01:00:30.239 INFO  HaplotypeCaller - Picard Version: 2.27.5
01:00:30.239 INFO  HaplotypeCaller - Built for Spark Version: 2.4.5
01:00:30.239 INFO  HaplotypeCaller - HTSJDK Defaults.COMPRESSION_LEVEL : 2
01:00:30.239 INFO  HaplotypeCaller - HTSJDK Defaults.USE_ASYNC_IO_READ_FOR_SAMTOOLS : false
01:00:30.240 INFO  HaplotypeCaller - HTSJDK Defaults.USE_ASYNC_IO_WRITE_FOR_SAMTOOLS : true
01:00:30.240 INFO  HaplotypeCaller - HTSJDK Defaults.USE_ASYNC_IO_WRITE_FOR_TRIBBLE : false
01:00:30.240 INFO  HaplotypeCaller - Deflater: IntelDeflater
01:00:30.240 INFO  HaplotypeCaller - Inflater: IntelInflater
01:00:30.240 INFO  HaplotypeCaller - GCS max retries/reopens: 20
01:00:30.240 INFO  HaplotypeCaller - Requester pays: disabled
01:00:30.240 INFO  HaplotypeCaller - Initializing engine
01:00:30.445 INFO  HaplotypeCaller - Done initializing engine
01:00:30.453 INFO  HaplotypeCallerEngine - Disabling physical phasing, which is supported only for reference-model confidence output
01:00:30.466 INFO  NativeLibraryLoader - Loading libgkl_utils.so from jar:file:/home/bahonar/miniconda3/envs/SingleCellSim/share/gatk4-4.3.0.0-0/gatk-package-4.3.0.0-local.jar!/com/intel/gkl/native/libgkl_utils.so
01:00:30.468 INFO  NativeLibraryLoader - Loading libgkl_pairhmm_omp.so from jar:file:/home/bahonar/miniconda3/envs/SingleCellSim/share/gatk4-4.3.0.0-0/gatk-package-4.3.0.0-local.jar!/com/intel/gkl/native/libgkl_pairhmm_omp.so
01:00:30.481 INFO  IntelPairHmm - Using CPU-supported AVX-512 instructions
01:00:30.482 INFO  IntelPairHmm - Flush-to-zero (FTZ) is enabled when running PairHMM
01:00:30.482 INFO  IntelPairHmm - Available threads: 80
01:00:30.482 INFO  IntelPairHmm - Requested threads: 5
01:00:30.482 INFO  PairHMM - Using the OpenMP multi-threaded AVX-accelerated native PairHMM implementation
01:00:30.512 INFO  ProgressMeter - Starting traversal
01:00:30.513 INFO  ProgressMeter -        Current Locus  Elapsed Minutes     Regions Processed   Regions/Minute
01:00:32.083 INFO  ProgressMeter -        chr8:76702501              4.0               5415900        1353975.0
01:00:34.325 INFO  ProgressMeter -       chr2:199086901              1.2               1494460        1280965.7
01:00:40.516 INFO  ProgressMeter -        chr1:44201701              0.2                147340         884040.0
01:00:42.083 INFO  ProgressMeter -       chr8:143611501              4.2               5638930        1353343.2
01:00:44.325 INFO  ProgressMeter -        chr3:24458401              1.3               1723030        1292272.5
01:00:50.514 INFO  ProgressMeter -        chr1:99329701              0.3                331100         993300.0
01:00:52.083 INFO  ProgressMeter -        chr9:66715201              4.3               5870490        1354728.5
01:00:54.325 INFO  ProgressMeter -        chr3:95918401              1.5               1961230        1307486.7
01:01:00.513 INFO  ProgressMeter -       chr1:160985701              0.5                536620        1073240.0
01:01:02.083 INFO  ProgressMeter -       chr9:133681201              4.5               6093710        1354157.8
01:01:03.662 WARN  InbreedingCoeff - InbreedingCoeff will not be calculated at position chr10:61372 and possibly subsequent; at least 10 samples must have called genotypes
01:01:04.325 INFO  ProgressMeter -       chr3:159797401              1.7               2174160        1304496.0
01:01:10.513 INFO  ProgressMeter -       chr1:215177701              0.7                717260        1075890.0
01:01:12.111 INFO  ProgressMeter -         chr10:568523              4.7               6121440        1311606.0
01:01:14.325 INFO  ProgressMeter -        chr4:14949901              1.8               2351410        1282587.3
01:01:20.513 INFO  ProgressMeter -        chr2:26349901              0.8                918670        1102404.0
01:01:22.119 INFO  ProgressMeter -        chr10:1143067              4.8               6124450        1266970.3
01:01:24.325 INFO  ProgressMeter -        chr4:71700901              2.0               2540580        1270290.0
01:01:25.202 INFO  NativeLibraryLoader - Loading libgkl_compression.so from jar:file:/home/bahonar/miniconda3/envs/SingleCellSim/share/gatk4-4.3.0.0-0/gatk-package-4.3.0.0-local.jar!/com/intel/gkl/native/libgkl_compression.so
01:01:25.350 INFO  HaplotypeCaller - ------------------------------------------------------------
01:01:25.350 INFO  HaplotypeCaller - The Genome Analysis Toolkit (GATK) v4.3.0.0
01:01:25.350 INFO  HaplotypeCaller - For support and documentation go to https://software.broadinstitute.org/gatk/
01:01:25.350 INFO  HaplotypeCaller - Executing as bahonar@ibbadmin-Super-Server on Linux v6.8.0-59-generic amd64
01:01:25.350 INFO  HaplotypeCaller - Java runtime: OpenJDK 64-Bit Server VM v11.0.13+7-b1751.21
01:01:25.350 INFO  HaplotypeCaller - Start Date/Time: June 13, 2025 at 1:01:25 AM IRDT
01:01:25.350 INFO  HaplotypeCaller - ------------------------------------------------------------
01:01:25.351 INFO  HaplotypeCaller - ------------------------------------------------------------
01:01:25.351 INFO  HaplotypeCaller - HTSJDK Version: 3.0.1
01:01:25.351 INFO  HaplotypeCaller - Picard Version: 2.27.5
01:01:25.351 INFO  HaplotypeCaller - Built for Spark Version: 2.4.5
01:01:25.351 INFO  HaplotypeCaller - HTSJDK Defaults.COMPRESSION_LEVEL : 2
01:01:25.351 INFO  HaplotypeCaller - HTSJDK Defaults.USE_ASYNC_IO_READ_FOR_SAMTOOLS : false
01:01:25.351 INFO  HaplotypeCaller - HTSJDK Defaults.USE_ASYNC_IO_WRITE_FOR_SAMTOOLS : true
01:01:25.351 INFO  HaplotypeCaller - HTSJDK Defaults.USE_ASYNC_IO_WRITE_FOR_TRIBBLE : false
01:01:25.352 INFO  HaplotypeCaller - Deflater: IntelDeflater
01:01:25.352 INFO  HaplotypeCaller - Inflater: IntelInflater
01:01:25.352 INFO  HaplotypeCaller - GCS max retries/reopens: 20
01:01:25.352 INFO  HaplotypeCaller - Requester pays: disabled
01:01:25.352 INFO  HaplotypeCaller - Initializing engine
01:01:25.519 INFO  HaplotypeCaller - Done initializing engine
01:01:25.526 INFO  HaplotypeCallerEngine - Disabling physical phasing, which is supported only for reference-model confidence output
01:01:25.539 INFO  NativeLibraryLoader - Loading libgkl_utils.so from jar:file:/home/bahonar/miniconda3/envs/SingleCellSim/share/gatk4-4.3.0.0-0/gatk-package-4.3.0.0-local.jar!/com/intel/gkl/native/libgkl_utils.so
01:01:25.540 INFO  NativeLibraryLoader - Loading libgkl_pairhmm_omp.so from jar:file:/home/bahonar/miniconda3/envs/SingleCellSim/share/gatk4-4.3.0.0-0/gatk-package-4.3.0.0-local.jar!/com/intel/gkl/native/libgkl_pairhmm_omp.so
01:01:25.553 INFO  IntelPairHmm - Using CPU-supported AVX-512 instructions
01:01:25.554 INFO  IntelPairHmm - Flush-to-zero (FTZ) is enabled when running PairHMM
01:01:25.554 INFO  IntelPairHmm - Available threads: 80
01:01:25.554 INFO  IntelPairHmm - Requested threads: 5
01:01:25.554 INFO  PairHMM - Using the OpenMP multi-threaded AVX-accelerated native PairHMM implementation
01:01:25.581 INFO  ProgressMeter - Starting traversal
01:01:25.581 INFO  ProgressMeter -        Current Locus  Elapsed Minutes     Regions Processed   Regions/Minute
01:01:30.513 INFO  ProgressMeter -        chr2:88650901              1.0               1126340        1126340.0
01:01:32.213 INFO  ProgressMeter -        chr10:1505235              5.0               6126490        1224767.3
01:01:34.326 INFO  ProgressMeter -       chr4:126030901              2.2               2721680        1256160.0
01:01:35.584 INFO  ProgressMeter -        chr1:49574701              0.2                165250         991500.0
01:01:40.513 INFO  ProgressMeter -       chr2:145884901              1.2               1317120        1128960.0
01:01:42.332 INFO  ProgressMeter -        chr10:1891046              5.2               6128650        1185238.3
01:01:44.325 INFO  ProgressMeter -       chr4:182247901              2.3               2909070        1246744.3
01:01:45.582 INFO  ProgressMeter -       chr1:106424701              0.3                354750        1064250.0
01:01:50.513 INFO  ProgressMeter -       chr2:200043901              1.3               1497650        1123237.5
01:01:52.348 INFO  ProgressMeter -        chr10:2146655              5.3               6130320        1148487.5
01:01:54.325 INFO  ProgressMeter -        chr5:46905601              2.5               3095110        1238044.0
01:01:55.582 INFO  ProgressMeter -       chr1:166469701              0.5                554900        1109800.0
01:02:00.513 INFO  ProgressMeter -        chr3:16397401              1.5               1696160        1130773.3
01:02:02.385 INFO  ProgressMeter -        chr10:2541715              5.5               6132600        1113998.7
01:02:04.325 INFO  ProgressMeter -       chr5:102729601              2.7               3281190        1230446.3
01:02:05.581 INFO  ProgressMeter -       chr1:227990701              0.7                759970        1139955.0
01:02:10.517 INFO  ProgressMeter -        chr3:79520401              1.7               1906570        1143907.7
01:02:12.554 INFO  ProgressMeter -        chr10:2984454              5.7               6134990        1081147.6
01:02:14.325 INFO  ProgressMeter -       chr5:158211601              2.8               3466130        1223340.0
01:02:15.581 INFO  ProgressMeter -        chr2:41832901              0.8                970280        1164336.0
01:02:20.516 INFO  ProgressMeter -       chr3:137210401              1.8               2098870        1144807.0
01:02:22.702 INFO  ProgressMeter -        chr10:3305449              5.8               6136910        1050184.4
01:02:24.325 INFO  ProgressMeter -        chr6:34353301              3.0               3656320        1218773.3
01:02:25.581 INFO  ProgressMeter -       chr2:112107901              1.0               1204530        1204530.0
01:02:26.451 INFO  NativeLibraryLoader - Loading libgkl_compression.so from jar:file:/home/bahonar/miniconda3/envs/SingleCellSim/share/gatk4-4.3.0.0-0/gatk-package-4.3.0.0-local.jar!/com/intel/gkl/native/libgkl_compression.so
01:02:26.572 INFO  HaplotypeCaller - ------------------------------------------------------------
01:02:26.573 INFO  HaplotypeCaller - The Genome Analysis Toolkit (GATK) v4.3.0.0
01:02:26.573 INFO  HaplotypeCaller - For support and documentation go to https://software.broadinstitute.org/gatk/
01:02:26.573 INFO  HaplotypeCaller - Executing as bahonar@ibbadmin-Super-Server on Linux v6.8.0-59-generic amd64
01:02:26.573 INFO  HaplotypeCaller - Java runtime: OpenJDK 64-Bit Server VM v11.0.13+7-b1751.21
01:02:26.573 INFO  HaplotypeCaller - Start Date/Time: June 13, 2025 at 1:02:26 AM IRDT
01:02:26.573 INFO  HaplotypeCaller - ------------------------------------------------------------
01:02:26.573 INFO  HaplotypeCaller - ------------------------------------------------------------
01:02:26.574 INFO  HaplotypeCaller - HTSJDK Version: 3.0.1
01:02:26.574 INFO  HaplotypeCaller - Picard Version: 2.27.5
01:02:26.574 INFO  HaplotypeCaller - Built for Spark Version: 2.4.5
01:02:26.574 INFO  HaplotypeCaller - HTSJDK Defaults.COMPRESSION_LEVEL : 2
01:02:26.574 INFO  HaplotypeCaller - HTSJDK Defaults.USE_ASYNC_IO_READ_FOR_SAMTOOLS : false
01:02:26.574 INFO  HaplotypeCaller - HTSJDK Defaults.USE_ASYNC_IO_WRITE_FOR_SAMTOOLS : true
01:02:26.574 INFO  HaplotypeCaller - HTSJDK Defaults.USE_ASYNC_IO_WRITE_FOR_TRIBBLE : false
01:02:26.574 INFO  HaplotypeCaller - Deflater: IntelDeflater
01:02:26.574 INFO  HaplotypeCaller - Inflater: IntelInflater
01:02:26.575 INFO  HaplotypeCaller - GCS max retries/reopens: 20
01:02:26.575 INFO  HaplotypeCaller - Requester pays: disabled
01:02:26.575 INFO  HaplotypeCaller - Initializing engine
01:02:26.790 INFO  HaplotypeCaller - Done initializing engine
01:02:26.799 INFO  HaplotypeCallerEngine - Disabling physical phasing, which is supported only for reference-model confidence output
01:02:26.815 INFO  NativeLibraryLoader - Loading libgkl_utils.so from jar:file:/home/bahonar/miniconda3/envs/SingleCellSim/share/gatk4-4.3.0.0-0/gatk-package-4.3.0.0-local.jar!/com/intel/gkl/native/libgkl_utils.so
01:02:26.817 INFO  NativeLibraryLoader - Loading libgkl_pairhmm_omp.so from jar:file:/home/bahonar/miniconda3/envs/SingleCellSim/share/gatk4-4.3.0.0-0/gatk-package-4.3.0.0-local.jar!/com/intel/gkl/native/libgkl_pairhmm_omp.so
01:02:26.836 INFO  IntelPairHmm - Using CPU-supported AVX-512 instructions
01:02:26.836 INFO  IntelPairHmm - Flush-to-zero (FTZ) is enabled when running PairHMM
01:02:26.837 INFO  IntelPairHmm - Available threads: 80
01:02:26.837 INFO  IntelPairHmm - Requested threads: 5
01:02:26.837 INFO  PairHMM - Using the OpenMP multi-threaded AVX-accelerated native PairHMM implementation
01:02:26.879 INFO  ProgressMeter - Starting traversal
01:02:26.879 INFO  ProgressMeter -        Current Locus  Elapsed Minutes     Regions Processed   Regions/Minute
01:02:30.516 INFO  ProgressMeter -       chr3:187073401              2.0               2265080        1132511.7
01:02:32.731 INFO  ProgressMeter -        chr10:3789186              6.0               6139460        1021404.8
01:02:34.325 INFO  ProgressMeter -        chr6:90405301              3.2               3843160        1213629.5
01:02:35.582 INFO  ProgressMeter -       chr2:168219901              1.2               1391570        1192774.3
01:02:36.882 INFO  ProgressMeter -        chr1:42470701              0.2                141570         849420.0
01:02:40.516 INFO  ProgressMeter -        chr4:45012901              2.2               2451620        1131490.8
01:02:42.757 INFO  ProgressMeter -        chr10:4104759              6.2               6141280         994072.4
01:02:44.325 INFO  ProgressMeter -       chr6:141162301              3.3               4012350        1203705.0
01:02:45.582 INFO  ProgressMeter -       chr2:213435901              1.3               1542290        1156717.5
01:02:46.879 INFO  ProgressMeter -        chr1:96620701              0.3                322070         966210.0
01:02:50.516 INFO  ProgressMeter -        chr4:96960901              2.3               2624780        1124881.6
01:02:52.768 INFO  ProgressMeter -        chr10:4572264              6.3               6143630         968303.9
01:02:54.325 INFO  ProgressMeter -        chr7:18728101              3.5               4174620        1192748.6
01:02:55.581 INFO  ProgressMeter -        chr3:22904401              1.5               1717850        1145233.3
01:02:56.880 INFO  ProgressMeter -       chr1:155216701              0.5                517390        1034780.0
01:03:00.516 INFO  ProgressMeter -       chr4:149733901              2.5               2800690        1120253.6
01:03:02.801 INFO  ProgressMeter -        chr10:4968502              6.5               6145900         943785.5
01:03:04.325 INFO  ProgressMeter -        chr7:71732101              3.7               4351300        1186718.2
01:03:05.581 INFO  ProgressMeter -        chr3:76166401              1.7               1895390        1137234.0
01:03:06.879 INFO  ProgressMeter -       chr1:211742701              0.7                705810        1058715.0
01:03:10.516 INFO  ProgressMeter -        chr5:12768601              2.7               2981320        1117974.0
01:03:12.812 INFO  ProgressMeter -        chr10:5736351              6.7               6149440         920738.0
01:03:14.325 INFO  ProgressMeter -       chr7:120041101              3.8               4512330        1177129.6
01:03:15.581 INFO  ProgressMeter -       chr3:124472401              1.8               2056410        1121678.2
01:03:16.879 INFO  ProgressMeter -        chr2:22260901              0.8                905040        1086048.0
01:03:20.516 INFO  ProgressMeter -        chr5:70689601              2.8               3174390        1120353.2
01:03:22.875 INFO  ProgressMeter -        chr10:6128077              6.8               6151620         898501.4
01:03:24.325 INFO  ProgressMeter -        chrX:10648201              4.0               4678150        1169537.5
01:03:25.581 INFO  ProgressMeter -       chr3:177203401              2.0               2232180        1116090.0
01:03:26.880 INFO  ProgressMeter -        chr2:87753901              1.0               1123350        1123350.0
01:03:30.516 INFO  ProgressMeter -       chr5:125481601              3.0               3357030        1118991.4
01:03:33.012 INFO  ProgressMeter -        chr10:6494455              7.0               6153720         877162.7
01:03:34.325 INFO  ProgressMeter -        chrX:64708201              4.2               4858350        1166004.0
01:03:35.581 INFO  ProgressMeter -        chr4:27900901              2.2               2394580        1105190.8
01:03:36.879 INFO  ProgressMeter -       chr2:152469901              1.2               1339070        1147774.3
01:03:40.517 INFO  ProgressMeter -       chr5:172791601              3.2               3514730        1109897.2
01:03:43.095 INFO  ProgressMeter -        chr10:6875308              7.2               6155850         856939.0
01:03:44.325 INFO  ProgressMeter -       chrX:116449201              4.3               5030820        1160958.5
01:03:45.581 INFO  ProgressMeter -        chr4:82980901              2.3               2578180        1104934.3
01:03:46.879 INFO  ProgressMeter -       chr2:213687901              1.3               1543130        1157347.5
01:03:50.516 INFO  ProgressMeter -        chr6:47034301              3.3               3698590        1109560.4
01:03:53.137 INFO  ProgressMeter -        chr10:7293857              7.4               6158160         837742.3
01:03:54.325 INFO  ProgressMeter -        chr8:10723501              4.5               5195970        1154660.0
01:03:55.581 INFO  ProgressMeter -       chr4:134616901              2.5               2750300        1100120.0
01:03:56.880 INFO  ProgressMeter -        chr3:17150401              1.5               1698670        1132446.7
01:04:00.516 INFO  ProgressMeter -        chr6:99855301              3.5               3874660        1107029.9
01:04:03.166 INFO  ProgressMeter -        chr10:7671212              7.5               6160260         819396.0
01:04:04.326 INFO  ProgressMeter -        chr8:58690501              4.7               5355860        1147684.3
01:04:05.581 INFO  ProgressMeter -       chr4:182655901              2.7               2910430        1091411.3
01:04:06.881 INFO  ProgressMeter -        chr3:69275401              1.7               1872420        1123429.5
01:04:10.516 INFO  ProgressMeter -       chr6:149955301              3.7               4041660        1102255.9
01:04:13.177 INFO  ProgressMeter -        chr10:8229468              7.7               6163060         801970.1
01:04:14.325 INFO  ProgressMeter -       chr8:105580501              4.8               5512160        1140446.9
01:04:15.581 INFO  ProgressMeter -        chr5:43344601              2.8               3083240        1088202.4
01:04:16.881 INFO  ProgressMeter -       chr3:116129401              1.8               2028600        1106489.0
01:04:20.516 INFO  ProgressMeter -        chr7:33398101              3.8               4223520        1101773.5
01:04:23.233 INFO  ProgressMeter -        chr10:8600377              7.9               6165250         785132.1
01:04:24.325 INFO  ProgressMeter -         chr9:7801201              5.0               5674110        1134822.0
01:04:25.581 INFO  ProgressMeter -        chr5:98373601              3.0               3266670        1088890.0
01:04:26.882 INFO  ProgressMeter -       chr3:170336401              2.0               2209290        1104626.6
01:04:30.516 INFO  ProgressMeter -        chr7:90005101              4.0               4412210        1103038.7
01:04:33.248 INFO  ProgressMeter -        chr10:9000592              8.0               6167370         769054.7
01:04:34.325 INFO  ProgressMeter -        chr9:60778201              5.2               5850700        1132393.5
01:04:35.581 INFO  ProgressMeter -       chr5:150285601              3.2               3439710        1086224.2
01:04:36.881 INFO  ProgressMeter -        chr4:37659901              2.2               2427110        1120187.4
01:04:40.516 INFO  ProgressMeter -       chr7:143120101              4.2               4589260        1101409.2
01:04:43.248 INFO  ProgressMeter -        chr10:9437517              8.2               6169680         753679.1
01:04:44.325 INFO  ProgressMeter -       chr9:113026201              5.3               6024860        1129661.3
01:04:45.581 INFO  ProgressMeter -        chr6:18648301              3.3               3603970        1081191.0
01:04:46.881 INFO  ProgressMeter -       chr4:104082901              2.3               2648520        1135063.8
01:04:50.340 WARN  InbreedingCoeff - InbreedingCoeff will not be calculated at position chr10:61372 and possibly subsequent; at least 10 samples must have called genotypes
01:04:50.516 INFO  ProgressMeter -        chrX:37729201              4.3               4768420        1100391.9
01:04:53.262 INFO  ProgressMeter -        chr10:9938605              8.4               6172060         738906.3
01:04:54.328 INFO  ProgressMeter -         chr10:366177              5.5               6120320        1112775.3
01:04:55.581 INFO  ProgressMeter -        chr6:75966301              3.5               3795030        1084294.3
01:04:56.881 INFO  ProgressMeter -       chr4:156390901              2.5               2822880        1129136.9
01:05:00.516 INFO  ProgressMeter -        chrX:93283201              4.5               4953600        1100787.8
01:05:03.284 INFO  ProgressMeter -       chr10:10302471              8.5               6174160         724665.2
01:05:04.349 INFO  ProgressMeter -         chr10:896676              5.7               6123110        1080472.6
01:05:05.581 INFO  ProgressMeter -       chr6:138228301              3.7               4002570        1091610.0
01:05:06.881 INFO  ProgressMeter -        chr5:22698601              2.7               3014420        1130393.4
01:05:10.516 INFO  ProgressMeter -       chrX:149317201              4.7               5140380        1101498.2
01:05:13.299 INFO  ProgressMeter -       chr10:10754068              8.7               6176580         711019.6
01:05:14.350 INFO  ProgressMeter -        chr10:1331109              5.8               6125480        1050007.3
01:05:15.581 INFO  ProgressMeter -        chr7:28058101              3.8               4205720        1097144.3
01:05:16.881 INFO  ProgressMeter -        chr5:83355601              2.8               3216610        1135260.8
01:05:20.516 INFO  ProgressMeter -        chr8:54049501              4.8               5340390        1104896.8
01:05:23.338 INFO  ProgressMeter -       chr10:11375577              8.9               6179470         697910.0
01:05:24.371 INFO  ProgressMeter -        chr10:1674103              6.0               6127500        1021119.5
01:05:25.581 INFO  ProgressMeter -        chr7:96791101              4.0               4434830        1108707.5
01:05:26.881 INFO  ProgressMeter -       chr5:141987601              3.0               3412050        1137337.4
01:05:30.516 INFO  ProgressMeter -       chr8:112852501              5.0               5536400        1107268.9
01:05:33.339 INFO  ProgressMeter -       chr10:11805287              9.0               6181690         685260.6
01:05:34.389 INFO  ProgressMeter -        chr10:2029212              6.2               6129570         993812.4
01:05:35.581 INFO  ProgressMeter -          chrX:562201              4.2               4644530        1114687.2
01:05:36.881 INFO  ProgressMeter -        chr6:19083301              3.2               3605420        1138541.7
01:05:40.516 INFO  ProgressMeter -        chr9:24496201              5.2               5729760        1108975.1
01:05:43.362 INFO  ProgressMeter -       chr10:12215518              9.2               6184040         673057.4
01:05:44.407 INFO  ProgressMeter -        chr10:2349027              6.3               6131490         967921.1
01:05:45.581 INFO  ProgressMeter -        chrX:64618201              4.3               4858050        1121088.5
01:05:46.881 INFO  ProgressMeter -        chr6:79545301              3.3               3806960        1142076.6
01:05:50.516 INFO  ProgressMeter -        chr9:85285201              5.3               5932390        1112312.7
01:05:53.402 INFO  ProgressMeter -       chr10:12658781              9.4               6186530         661284.9
01:05:54.426 INFO  ProgressMeter -        chr10:2742003              6.5               6133700         943401.8
01:05:55.581 INFO  ProgressMeter -       chrX:128608201              4.5               5071350        1126966.7
01:05:56.881 INFO  ProgressMeter -       chr6:137982301              3.5               4001750        1143346.3
01:06:00.516 INFO  ProgressMeter -       chr9:141184201              5.5               6118720        1112484.4
01:06:00.935 WARN  InbreedingCoeff - InbreedingCoeff will not be calculated at position chr10:61372 and possibly subsequent; at least 10 samples must have called genotypes
01:06:03.435 INFO  ProgressMeter -       chr10:13096661              9.5               6188910         649922.6
01:06:04.431 INFO  ProgressMeter -        chr10:3130255              6.7               6135830         920130.7
01:06:05.581 INFO  ProgressMeter -        chr8:37777501              4.7               5286150        1132746.4
01:06:06.881 INFO  ProgressMeter -        chr7:23672101              3.7               4191100        1143016.9
01:06:10.516 INFO  ProgressMeter -         chr10:657790              5.7               6121830        1080313.4
01:06:13.446 INFO  ProgressMeter -       chr10:13545547              9.7               6191330         638980.8
01:06:14.465 INFO  ProgressMeter -        chr10:3422352              6.8               6137570         897874.4
01:06:15.581 INFO  ProgressMeter -       chr8:105685501              4.8               5512510        1140519.3
01:06:16.881 INFO  ProgressMeter -        chr7:83714101              3.8               4391240        1145530.9
01:06:20.550 INFO  ProgressMeter -        chr10:1160699              5.8               6124550        1049811.9
01:06:23.509 INFO  ProgressMeter -       chr10:13965954              9.9               6193650         628344.0
01:06:24.481 INFO  ProgressMeter -        chr10:3849497              7.0               6139840         876794.3
01:06:25.581 INFO  ProgressMeter -        chr9:21829201              5.0               5720870        1144174.0
01:06:26.881 INFO  ProgressMeter -       chr7:142859101              4.0               4588390        1147087.9
01:06:30.586 INFO  ProgressMeter -        chr10:1536132              6.0               6126660        1020903.0
01:06:33.514 INFO  ProgressMeter -       chr10:14338468             10.0               6195810         618106.8
01:06:34.524 INFO  ProgressMeter -        chr10:4165955              7.2               6141650         856578.0
01:06:35.581 INFO  ProgressMeter -        chr9:86278201              5.2               5935700        1148845.2
01:06:36.881 INFO  ProgressMeter -        chrX:39280201              4.2               4773590        1145652.4
01:06:40.623 INFO  ProgressMeter -        chr10:1893112              6.2               6128660         993544.1
01:06:43.548 INFO  ProgressMeter -       chr10:14779837             10.2               6198250         608203.2
01:06:44.437 WARN  InbreedingCoeff - InbreedingCoeff will not be calculated at position chr10:61372 and possibly subsequent; at least 10 samples must have called genotypes
01:06:44.559 INFO  ProgressMeter -        chr10:4657195              7.3               6144160         837394.7
01:06:45.648 INFO  ProgressMeter -         chr10:231711              5.3               6119650        1147194.2
01:06:46.881 INFO  ProgressMeter -       chrX:107374201              4.3               5000570        1153968.8
01:06:50.640 INFO  ProgressMeter -        chr10:2131875              6.3               6130250         967610.8
01:06:53.563 INFO  ProgressMeter -       chr10:15151554             10.4               6200270         598597.2
01:06:54.575 INFO  ProgressMeter -        chr10:5180618              7.5               6146850         819124.9
01:06:55.676 INFO  ProgressMeter -         chr10:768567              5.5               6122400        1112843.3
01:06:56.881 INFO  ProgressMeter -        chr8:16696501              4.5               5215880        1159075.9
01:07:00.662 INFO  ProgressMeter -        chr10:2530410              6.5               6132540         943107.4
01:07:03.599 INFO  ProgressMeter -       chr10:15675818             10.5               6202900         589334.2
01:07:04.587 INFO  ProgressMeter -        chr10:5855206              7.7               6150080         801729.5
01:07:05.721 INFO  ProgressMeter -        chr10:1239587              5.7               6125010        1080442.4
01:07:06.881 INFO  ProgressMeter -        chr8:83851501              4.7               5439730        1165648.1
01:07:10.673 INFO  ProgressMeter -        chr10:2982843              6.7               6134980         919879.0
01:07:13.652 INFO  ProgressMeter -       chr10:16260948             10.7               6205720         580364.4
01:07:14.645 INFO  ProgressMeter -        chr10:6224529              7.8               6152150         784846.5
01:07:15.730 INFO  ProgressMeter -        chr10:1606237              5.8               6127100        1049913.0
01:07:16.881 INFO  ProgressMeter -         chr9:2365201              4.8               5655990        1170196.8
01:07:20.684 INFO  ProgressMeter -        chr10:3264411              6.8               6136700         897679.3
01:07:23.662 INFO  ProgressMeter -       chr10:16977516             10.9               6208960         571745.9
01:07:24.670 INFO  ProgressMeter -        chr10:6614020              8.0               6154330         768738.7
01:07:25.841 INFO  ProgressMeter -        chr10:1982241              6.0               6129260        1020806.1
01:07:26.881 INFO  ProgressMeter -        chr9:71296201              5.0               5885760        1177144.2
01:07:30.723 INFO  ProgressMeter -        chr10:3751312              7.0               6139240         876596.0
01:07:33.663 INFO  ProgressMeter -       chr10:17407286             11.0               6211250         563310.6
01:07:34.692 INFO  ProgressMeter -        chr10:6941016              8.2               6156240         753261.1
01:07:35.897 INFO  ProgressMeter -        chr10:2280941              6.2               6131100         993384.0
01:07:36.881 INFO  ProgressMeter -       chr9:139666201              5.2               6113660        1183281.4
01:07:37.542 WARN  InbreedingCoeff - InbreedingCoeff will not be calculated at position chr10:61372 and possibly subsequent; at least 10 samples must have called genotypes
01:07:40.735 INFO  ProgressMeter -        chr10:4064278              7.2               6141080         856452.7
01:07:43.681 INFO  ProgressMeter -       chr10:18594391             11.2               6216180         555348.3
01:07:44.702 INFO  ProgressMeter -        chr10:7320527              8.3               6158330         738442.8
01:07:45.938 INFO  ProgressMeter -        chr10:2630651              6.3               6133130         967480.0
01:07:46.893 INFO  ProgressMeter -         chr10:546133              5.3               6121330        1147699.2
01:07:50.751 INFO  ProgressMeter -        chr10:4563387              7.3               6143590         837309.4
01:07:53.694 INFO  ProgressMeter -       chr10:19178844             11.4               6219010         547439.2
01:07:54.735 INFO  ProgressMeter -        chr10:7725361              8.5               6160550         724188.4
01:07:56.022 INFO  ProgressMeter -        chr10:3074129              6.5               6135510         942858.5
01:07:56.929 INFO  ProgressMeter -        chr10:1065950              5.5               6124040        1113293.1
01:08:00.754 INFO  ProgressMeter -        chr10:4955976              7.5               6145820         819005.9
01:08:03.736 INFO  ProgressMeter -       chr10:19663017             11.5               6221560         539712.3
01:08:04.752 INFO  ProgressMeter -        chr10:8281266              8.7               6163360         710573.4
01:08:06.063 INFO  ProgressMeter -        chr10:3389972              6.7               6137390         919500.5
01:08:06.930 INFO  ProgressMeter -        chr10:1456824              5.7               6126230        1080937.3
01:08:10.801 INFO  ProgressMeter -        chr10:5708777              7.7               6149260         801575.5
01:08:13.768 INFO  ProgressMeter -       chr10:20000391             11.7               6223520         532163.6
01:08:14.788 INFO  ProgressMeter -        chr10:8652723              8.8               6165550         697377.6
01:08:16.075 INFO  ProgressMeter -        chr10:3806090              6.8               6139570         897394.6
01:08:16.963 INFO  ProgressMeter -        chr10:1780432              5.8               6128130        1050284.5
01:08:20.822 INFO  ProgressMeter -        chr10:6071045              7.8               6151300         784756.4
01:08:23.786 INFO  ProgressMeter -       chr10:20484591             11.9               6226060         524886.9
01:08:24.804 INFO  ProgressMeter -        chr10:9118858              9.0               6168020         684728.2
01:08:26.129 INFO  ProgressMeter -        chr10:4124116              7.0               6141370         876195.3
01:08:27.030 INFO  ProgressMeter -        chr10:2089274              6.0               6129990        1021236.6
01:08:30.935 INFO  ProgressMeter -        chr10:6459508              8.0               6153510         768513.1
01:08:33.802 INFO  ProgressMeter -       chr10:20821449             12.0               6228030         517766.3
01:08:35.095 INFO  ProgressMeter -        chr10:9520190              9.2               6170120         672163.0
01:08:36.176 INFO  ProgressMeter -        chr10:4619767              7.2               6143900         856103.8
01:08:37.034 INFO  ProgressMeter -        chr10:2424844              6.2               6131900         993945.8
01:08:40.939 INFO  ProgressMeter -        chr10:6844850              8.2               6155640         753097.1
01:08:43.806 INFO  ProgressMeter -       chr10:21308160             12.2               6230580         510896.6
01:08:45.121 INFO  ProgressMeter -       chr10:10036126              9.3               6172660         660417.7
01:08:46.181 INFO  ProgressMeter -        chr10:4994497              7.3               6146070         836959.1
01:08:47.050 INFO  ProgressMeter -        chr10:2823297              6.3               6134150         968114.3
01:08:50.940 INFO  ProgressMeter -        chr10:7195161              8.3               6157660         738288.7
01:08:53.821 INFO  ProgressMeter -       chr10:21937303             12.4               6233650         504246.8
01:08:55.140 INFO  ProgressMeter -       chr10:10484432              9.5               6175030         649075.1
01:08:56.216 INFO  ProgressMeter -        chr10:5761378              7.5               6149580         818788.6
01:08:57.378 INFO  ProgressMeter -        chr10:3172783              6.5               6136130         942813.7
01:09:00.959 INFO  ProgressMeter -        chr10:7604987              8.5               6159880         724058.6
01:09:03.848 INFO  ProgressMeter -       chr10:22789111             12.5               6237250         497808.5
01:09:05.145 INFO  ProgressMeter -       chr10:10877171              9.7               6177180         638117.6
01:09:06.229 INFO  ProgressMeter -        chr10:6151056              7.7               6151720         801269.5
01:09:07.387 INFO  ProgressMeter -        chr10:3549255              6.7               6138230         919566.7
01:09:10.972 INFO  ProgressMeter -        chr10:8162853              8.7               6162680         710451.4
01:09:13.855 INFO  ProgressMeter -       chr10:23332230             12.7               6239830         491472.3
01:09:15.182 INFO  ProgressMeter -       chr10:11457943              9.8               6179950         627557.9
01:09:16.304 INFO  ProgressMeter -        chr10:6539353              7.8               6153950         784404.0
01:09:17.411 INFO  ProgressMeter -        chr10:3938396              6.8               6140330         897420.4
01:09:21.043 INFO  ProgressMeter -        chr10:8548029              8.8               6164920         697218.3
01:09:23.896 INFO  ProgressMeter -       chr10:24309584             12.9               6243730         485382.2
01:09:25.192 INFO  ProgressMeter -       chr10:11901396             10.0               6182270         617335.0
01:09:26.306 INFO  ProgressMeter -        chr10:6928574              8.0               6156170         768360.7
01:09:27.431 INFO  ProgressMeter -        chr10:4327475              7.0               6142420         876336.8
01:09:31.047 INFO  ProgressMeter -        chr10:8973234              9.0               6167220         684571.0
01:09:33.906 INFO  ProgressMeter -       chr10:24976390             13.0               6246760         479399.6
01:09:35.203 INFO  ProgressMeter -       chr10:12319729             10.2               6184630         607449.9
01:09:36.405 INFO  ProgressMeter -        chr10:7319039              8.2               6158320         752814.0
01:09:37.439 INFO  ProgressMeter -        chr10:4693705              7.2               6144380         856240.2
01:09:41.059 INFO  ProgressMeter -        chr10:9399685              9.2               6169460         672364.5
01:09:43.923 INFO  ProgressMeter -       chr10:25591053             13.2               6249660         473554.8
01:09:45.213 INFO  ProgressMeter -       chr10:12787532             10.3               6187200         597904.9
01:09:46.429 INFO  ProgressMeter -        chr10:7705953              8.3               6160430         738000.0
01:09:47.464 INFO  ProgressMeter -        chr10:5468483              7.3               6147910         837238.2
01:09:51.081 INFO  ProgressMeter -        chr10:9929823              9.3               6172010         660617.9
01:09:53.932 INFO  ProgressMeter -       chr10:25986190             13.4               6251770         467801.5
01:09:55.220 INFO  ProgressMeter -       chr10:13162038             10.5               6189320         588622.8
01:09:56.429 INFO  ProgressMeter -        chr10:8257808              8.5               6163230         723882.3
01:09:57.501 INFO  ProgressMeter -        chr10:5837076              7.5               6149980         818867.3
01:10:01.167 INFO  ProgressMeter -       chr10:10264238              9.5               6173920         649141.5
01:10:04.358 INFO  ProgressMeter -       chr10:26333220             13.5               6253660         461936.7
01:10:05.247 INFO  ProgressMeter -       chr10:13672809             10.7               6191970         579662.1
01:10:06.433 INFO  ProgressMeter -        chr10:8584248              8.7               6165160         710202.3
01:10:07.513 INFO  ProgressMeter -        chr10:6214015              7.7               6152090         801342.1
01:10:11.224 INFO  ProgressMeter -       chr10:10670594              9.7               6176090         638123.6
01:10:14.423 INFO  ProgressMeter -       chr10:26594432             13.7               6255100         456387.9
01:10:15.284 INFO  ProgressMeter -       chr10:14017632             10.8               6193920         570904.2
01:10:16.437 INFO  ProgressMeter -        chr10:9039544              8.8               6167580         697090.7
01:10:17.550 INFO  ProgressMeter -        chr10:6562156              7.8               6154060         784504.7
01:10:21.228 INFO  ProgressMeter -       chr10:11238641              9.8               6178760         627587.9
01:10:24.500 INFO  ProgressMeter -       chr10:26961849             13.9               6257140         451010.0
01:10:25.292 INFO  ProgressMeter -       chr10:14366987             11.0               6195970         562445.9
01:10:26.458 INFO  ProgressMeter -        chr10:9501887              9.0               6170000         684444.0
01:10:27.556 INFO  ProgressMeter -        chr10:6893849              8.0               6155960         768411.2
01:10:31.231 INFO  ProgressMeter -       chr10:11749441             10.0               6181320         617394.2
01:10:34.508 INFO  ProgressMeter -       chr10:27371586             14.0               6259320         445807.3
01:10:35.293 INFO  ProgressMeter -       chr10:14787457             11.2               6198290         554270.0
01:10:36.488 INFO  ProgressMeter -       chr10:10005866              9.2               6172480         672252.8
01:10:37.565 INFO  ProgressMeter -        chr10:7234882              8.2               6157870         752972.3
01:10:41.280 INFO  ProgressMeter -       chr10:12095391             10.2               6183300         607429.7
01:10:44.531 INFO  ProgressMeter -       chr10:27835790             14.2               6261810         440740.8
01:10:45.308 INFO  ProgressMeter -       chr10:15218321             11.3               6200530         546315.8
01:10:46.510 INFO  ProgressMeter -       chr10:10470029              9.3               6174960         660507.1
01:10:47.581 INFO  ProgressMeter -        chr10:7633617              8.3               6160050         738169.6
01:10:51.306 INFO  ProgressMeter -       chr10:12483447             10.3               6185600         597841.8
01:10:54.553 INFO  ProgressMeter -       chr10:28210803             14.4               6263800         435757.8
01:10:55.336 INFO  ProgressMeter -       chr10:15697052             11.5               6203020         538603.9
01:10:56.514 INFO  ProgressMeter -       chr10:10897895              9.5               6177280         649177.4
01:10:57.638 INFO  ProgressMeter -        chr10:8133758              8.5               6162520         723926.4
01:11:01.339 INFO  ProgressMeter -       chr10:12968579             10.5               6188160         588576.9
01:11:04.600 INFO  ProgressMeter -       chr10:28694733             14.5               6266240         430907.8
01:11:05.361 INFO  ProgressMeter -       chr10:16274009             11.7               6205790         531138.8
01:11:06.549 INFO  ProgressMeter -       chr10:11470844              9.7               6180010         638247.3
01:11:07.649 INFO  ProgressMeter -        chr10:8519710              8.7               6164730         710263.3
01:11:11.368 INFO  ProgressMeter -       chr10:13316997             10.7               6190100         579548.5
01:11:14.637 INFO  ProgressMeter -       chr10:29132631             14.7               6268640         426170.4
01:11:15.367 INFO  ProgressMeter -       chr10:16958794             11.9               6208880         523925.2
01:11:16.574 INFO  ProgressMeter -       chr10:11909364              9.8               6182320         627654.1
01:11:17.673 INFO  ProgressMeter -        chr10:8899641              8.8               6166800         697084.0
01:11:21.417 INFO  ProgressMeter -       chr10:13737672             10.8               6192360         570808.6
01:11:24.644 INFO  ProgressMeter -       chr10:29544625             14.9               6270960         421548.3
01:11:25.380 INFO  ProgressMeter -       chr10:17363122             12.0               6210990         516825.2
01:11:26.574 INFO  ProgressMeter -       chr10:12326142             10.0               6184670         617445.1
01:11:27.752 INFO  ProgressMeter -        chr10:9360001              9.0               6169240         684364.7
01:11:31.443 INFO  ProgressMeter -       chr10:14094311             11.0               6194390         562334.8
01:11:34.646 INFO  ProgressMeter -       chr10:29930304             15.0               6273150         417022.4
01:11:35.388 INFO  ProgressMeter -       chr10:18537230             12.2               6215910         510153.8
01:11:36.592 INFO  ProgressMeter -       chr10:12789632             10.2               6187210         607571.1
01:11:37.774 INFO  ProgressMeter -        chr10:9878539              9.2               6171760         672189.1
01:11:41.470 INFO  ProgressMeter -       chr10:14463251             11.2               6196520         554120.8
01:11:44.672 INFO  ProgressMeter -       chr10:30459447             15.2               6275770         412613.1
01:11:45.430 INFO  ProgressMeter -       chr10:19147375             12.4               6218840         503478.5
01:11:46.664 INFO  ProgressMeter -       chr10:13119863             10.4               6189080         597898.8
01:11:47.788 INFO  ProgressMeter -       chr10:10219515              9.3               6173670         660392.7
01:11:51.491 INFO  ProgressMeter -       chr10:14916100             11.3               6198940         546179.8
01:11:54.674 INFO  ProgressMeter -       chr10:30880156             15.4               6278120         408292.7
01:11:55.448 INFO  ProgressMeter -       chr10:19637581             12.5               6221400         496967.9
01:11:56.712 INFO  ProgressMeter -       chr10:13557441             10.5               6191390         588599.5
01:11:57.813 INFO  ProgressMeter -       chr10:10650350              9.5               6175990         649040.7
01:12:01.527 INFO  ProgressMeter -       chr10:15388927             11.5               6201320         538453.9
01:12:04.717 INFO  ProgressMeter -       chr10:31282302             15.5               6280340         404038.9
01:12:05.463 INFO  ProgressMeter -       chr10:19961396             12.7               6223320         490580.2
01:12:06.772 INFO  ProgressMeter -       chr10:13965954             10.7               6193650         579576.1
01:12:07.816 INFO  ProgressMeter -       chr10:11141893              9.7               6178410         638115.0
01:12:11.577 INFO  ProgressMeter -       chr10:15806325             11.7               6203620         530931.8
01:12:14.735 INFO  ProgressMeter -       chr10:31976608             15.7               6283350         399937.0
01:12:15.490 INFO  ProgressMeter -       chr10:20405625             12.9               6225630         484381.2
01:12:16.805 INFO  ProgressMeter -       chr10:14333733             10.9               6195770         570842.3
01:12:17.836 INFO  ProgressMeter -       chr10:11715977              9.8               6181140         627572.6
01:12:21.593 INFO  ProgressMeter -       chr10:16405717             11.9               6206450         523692.9
01:12:24.761 INFO  ProgressMeter -       chr10:32407458             15.9               6285720         395876.9
01:12:25.520 INFO  ProgressMeter -       chr10:20795414             13.0               6227860         478333.3
01:12:26.822 INFO  ProgressMeter -       chr10:14720968             11.0               6197920         562389.8
01:12:27.847 INFO  ProgressMeter -       chr10:12040980             10.0               6183010         617306.1
01:12:31.642 INFO  ProgressMeter -       chr10:17019351             12.0               6209220         516624.9
01:12:34.778 INFO  ProgressMeter -       chr10:32843520             16.0               6288070         391904.2
01:12:35.532 INFO  ProgressMeter -       chr10:21212550             13.2               6230170         472455.6
01:12:36.833 INFO  ProgressMeter -       chr10:15096693             11.2               6199990         554187.4
01:12:37.849 INFO  ProgressMeter -       chr10:12416312             10.2               6185220         607417.4
01:12:41.652 INFO  ProgressMeter -       chr10:17542623             12.2               6211840         509766.8
01:12:44.789 INFO  ProgressMeter -       chr10:33262296             16.2               6290300         388008.7
01:12:45.541 INFO  ProgressMeter -       chr10:21764507             13.4               6232890         466757.3
01:12:46.843 INFO  ProgressMeter -       chr10:15629012             11.4               6202630         546277.9
01:12:47.867 INFO  ProgressMeter -       chr10:12903347             10.3               6187780         597864.7
01:12:51.723 INFO  ProgressMeter -       chr10:18675433             12.4               6216630         503228.2
01:12:54.789 INFO  ProgressMeter -       chr10:33758609             16.4               6292720         384207.7
01:12:55.551 INFO  ProgressMeter -       chr10:22530586             13.5               6236300         461250.0
01:12:56.861 INFO  ProgressMeter -       chr10:16210327             11.5               6205480         538607.8
01:12:57.886 INFO  ProgressMeter -       chr10:13251218             10.5               6189730         588557.3
01:13:01.760 INFO  ProgressMeter -       chr10:19272822             12.5               6219450         496730.1
01:13:04.812 INFO  ProgressMeter -       chr10:34393695             16.5               6295750         380511.7
01:13:05.561 INFO  ProgressMeter -       chr10:23252073             13.7               6239410         455855.1
01:13:06.874 INFO  ProgressMeter -       chr10:16848511             11.7               6208340         531162.3
01:13:07.889 INFO  ProgressMeter -       chr10:13706784             10.7               6192180         579602.2
01:13:11.781 INFO  ProgressMeter -       chr10:19690200             12.7               6221740         490371.9
01:13:14.826 INFO  ProgressMeter -       chr10:35084408             16.7               6298910         376900.8
01:13:15.563 INFO  ProgressMeter -       chr10:24064810             13.9               6242820         450616.1
01:13:16.892 INFO  ProgressMeter -       chr10:17332118             11.9               6210810         523889.8
01:13:17.904 INFO  ProgressMeter -       chr10:14057536             10.9               6194190         570871.2
01:13:21.801 INFO  ProgressMeter -       chr10:20132155             12.9               6224070         484182.6
01:13:24.842 INFO  ProgressMeter -       chr10:35984490             16.9               6302710         373398.4
01:13:25.591 INFO  ProgressMeter -       chr10:24851332             14.0               6246190         445485.0
01:13:26.922 INFO  ProgressMeter -       chr10:18513771             12.0               6215770         517017.9
01:13:27.905 INFO  ProgressMeter -       chr10:14424925             11.0               6196290         562424.8
01:13:31.828 INFO  ProgressMeter -       chr10:20540241             13.0               6226390         478147.0
01:13:34.855 INFO  ProgressMeter -       chr10:36492720             17.0               6305290         369894.2
01:13:35.596 INFO  ProgressMeter -       chr10:25406152             14.2               6248890         440439.5
01:13:36.937 INFO  ProgressMeter -       chr10:19129535             12.2               6218730         510180.8
01:13:37.910 INFO  ProgressMeter -       chr10:14821638             11.2               6198440         554231.3
01:13:41.831 INFO  ProgressMeter -       chr10:20871380             13.2               6228330         472249.8
01:13:44.858 INFO  ProgressMeter -       chr10:36875120             17.2               6307380         366433.0
01:13:45.617 INFO  ProgressMeter -       chr10:25813913             14.4               6251010         435462.8
01:13:46.972 INFO  ProgressMeter -       chr10:19633929             12.4               6221370         503489.0
01:13:47.914 INFO  ProgressMeter -       chr10:15179144             11.4               6200380         546260.9
01:13:51.854 INFO  ProgressMeter -       chr10:21411575             13.4               6231090         466549.7
01:13:55.111 INFO  ProgressMeter -       chr10:37183450             17.4               6309210         362936.2
01:13:55.621 INFO  ProgressMeter -       chr10:26241419             14.5               6253190         430613.0
01:13:56.982 INFO  ProgressMeter -       chr10:19969551             12.5               6223360         496940.5
01:13:57.917 INFO  ProgressMeter -       chr10:15631524             11.5               6202640         538549.8
01:14:01.869 INFO  ProgressMeter -       chr10:22126907             13.5               6234430         461037.8
01:14:05.118 INFO  ProgressMeter -       chr10:38009071             17.6               6312730         359687.8
01:14:05.658 INFO  ProgressMeter -       chr10:26463625             14.7               6254460         425795.5
01:14:06.987 INFO  ProgressMeter -       chr10:20458202             12.7               6225920         490612.4
01:14:07.929 INFO  ProgressMeter -       chr10:16186245             11.7               6205360         531092.1
01:14:11.875 INFO  ProgressMeter -       chr10:22894819             13.7               6237840         455670.5
01:14:15.146 INFO  ProgressMeter -       chr10:38555655             17.7               6315470         356449.4
01:14:15.658 INFO  ProgressMeter -       chr10:26830410             14.9               6256470         421153.7
01:14:17.347 INFO  ProgressMeter -       chr10:20820254             12.9               6228020         484189.8
01:14:17.937 INFO  ProgressMeter -       chr10:16764289             11.9               6208020         523840.8
01:14:21.907 INFO  ProgressMeter -       chr10:23479845             13.9               6240580         450369.9
01:14:25.164 INFO  ProgressMeter -       chr10:38776322             17.9               6316700         353190.5
01:14:25.673 INFO  ProgressMeter -       chr10:27286038             15.0               6258850         416632.6
01:14:27.375 INFO  ProgressMeter -       chr10:21344710             13.0               6230740         478187.9
01:14:27.979 INFO  ProgressMeter -       chr10:17253321             12.0               6210500         516752.2
01:14:31.918 INFO  ProgressMeter -       chr10:24564984             14.0               6244840         445315.2
01:14:35.538 INFO  ProgressMeter -       chr10:38890674             18.1               6317340         349844.2
01:14:35.699 INFO  ProgressMeter -       chr10:27738274             15.2               6261280         412209.3
01:14:37.404 INFO  ProgressMeter -       chr10:21955181             13.2               6233730         472357.8
01:14:37.989 INFO  ProgressMeter -       chr10:18500132             12.2               6215690         510103.0
01:14:41.953 INFO  ProgressMeter -       chr10:25153589             14.2               6247640         440264.0
01:14:45.714 INFO  ProgressMeter -       chr10:28177692             15.4               6263620         407881.1
01:14:45.864 INFO  ProgressMeter -       chr10:38937095             18.2               6317690         346560.6
01:14:47.409 INFO  ProgressMeter -       chr10:22832191             13.4               6237460         466743.0
01:14:48.000 INFO  ProgressMeter -       chr10:19110395             12.4               6218640         503451.4
01:14:52.042 INFO  ProgressMeter -       chr10:25676750             14.4               6250190         435285.9
01:14:55.743 INFO  ProgressMeter -       chr10:28682595             15.5               6266170         403653.6
01:14:56.078 INFO  ProgressMeter -       chr10:38972912             18.4               6317970         343369.5
01:14:57.443 INFO  ProgressMeter -       chr10:23411698             13.5               6240240         461179.9
01:14:58.028 INFO  ProgressMeter -       chr10:19587984             12.5               6221100         496926.7
01:15:02.070 INFO  ProgressMeter -       chr10:26042579             14.5               6252140         430412.3
01:15:05.746 INFO  ProgressMeter -       chr10:29113238             15.7               6268530         399515.0
01:15:06.090 INFO  ProgressMeter -       chr10:39039093             18.6               6318490         340311.5
01:15:07.460 INFO  ProgressMeter -       chr10:24485307             13.7               6244460         455867.1
01:15:08.043 INFO  ProgressMeter -       chr10:19891769             12.7               6222990         490537.4
01:15:12.278 INFO  ProgressMeter -       chr10:26346843             14.7               6253780         425540.6
01:15:15.775 INFO  ProgressMeter -       chr10:29512283             15.9               6270800         395446.9
01:15:16.092 INFO  ProgressMeter -       chr10:39134879             18.7               6319270         337324.9
01:15:17.483 INFO  ProgressMeter -       chr10:25060850             13.9               6247200         450572.3
01:15:18.070 INFO  ProgressMeter -       chr10:20411286             12.9               6225670         484367.9
01:15:22.308 INFO  ProgressMeter -       chr10:26706937             14.9               6255710         420884.4
01:15:25.785 INFO  ProgressMeter -       chr10:29911821             16.0               6273070         391471.5
01:15:26.762 INFO  ProgressMeter -       chr10:42361138             18.9               6330140         334727.6
01:15:27.515 INFO  ProgressMeter -       chr10:25657717             14.0               6250020         445405.0
01:15:28.101 INFO  ProgressMeter -       chr10:20808428             13.0               6227930         478322.2
01:15:32.337 INFO  ProgressMeter -       chr10:27025348             15.0               6257560         416326.9
01:15:35.817 INFO  ProgressMeter -       chr10:30472166             16.2               6275840         387600.1
01:15:37.410 INFO  ProgressMeter -       chr10:42383470             19.1               6330290         331623.5
01:15:37.629 INFO  ProgressMeter -       chr10:26029344             14.2               6252060         440261.1
01:15:38.124 INFO  ProgressMeter -       chr10:21242910             13.2               6230340         472445.8
01:15:42.347 INFO  ProgressMeter -       chr10:27462291             15.2               6259900         411911.0
01:15:45.818 INFO  ProgressMeter -       chr10:30930153             16.4               6278330         383802.8
01:15:48.008 INFO  ProgressMeter -       chr10:26351665             14.4               6253820         435085.2
01:15:48.133 INFO  ProgressMeter -       chr10:21952641             13.4               6233720         466797.3
01:15:48.629 INFO  ProgressMeter -       chr10:42387022             19.3               6330320         328408.2
01:15:52.388 INFO  ProgressMeter -       chr10:27936600             15.4               6262370         407584.8
01:15:55.824 INFO  ProgressMeter -       chr10:31335120             16.5               6280630         380068.8
01:15:58.040 INFO  ProgressMeter -       chr10:26737608             14.5               6255950         430228.8
01:15:58.139 INFO  ProgressMeter -       chr10:22823269             13.5               6237410         461312.8
01:16:00.948 INFO  ProgressMeter -       chr10:42391167             19.5               6330350         324948.6
01:16:02.398 INFO  ProgressMeter -       chr10:28412042             15.5               6264860         403366.9
01:16:05.852 INFO  ProgressMeter -       chr10:32069362             16.7               6283840         376455.6
01:16:08.070 INFO  ProgressMeter -       chr10:27184428             14.7               6258350         425502.2
01:16:08.146 INFO  ProgressMeter -       chr10:23357881             13.7               6239970         455878.8
01:16:11.719 INFO  ProgressMeter -       chr10:42396343             19.7               6330390         321983.6
01:16:12.427 INFO  ProgressMeter -       chr10:28944135             15.7               6267540         399242.8
01:16:15.927 INFO  ProgressMeter -       chr10:32463906             16.9               6286120         372841.5
01:16:18.071 INFO  ProgressMeter -       chr10:27604910             14.9               6260710         420892.8
01:16:18.146 INFO  ProgressMeter -       chr10:24395163             13.9               6244090         450692.0
01:16:22.459 INFO  ProgressMeter -       chr10:29301050             15.9               6269600         395165.3
01:16:22.575 INFO  ProgressMeter -       chr10:42528957             19.8               6331180         319087.2
01:16:25.965 INFO  ProgressMeter -       chr10:32952067             17.0               6288690         369329.1
01:16:28.106 INFO  ProgressMeter -       chr10:28117885             15.0               6263320         416386.5
01:16:28.149 INFO  ProgressMeter -       chr10:25039467             14.0               6247090         445547.1
01:16:32.473 INFO  ProgressMeter -       chr10:29724035             16.0               6271950         391198.2
01:16:33.550 INFO  ProgressMeter -       chr10:42597758             20.0               6331480         316187.5
01:16:35.972 INFO  ProgressMeter -       chr10:33481435             17.2               6291320         365899.6
01:16:38.155 INFO  ProgressMeter -       chr10:28639245             15.2               6265950         411974.3
01:16:38.273 INFO  ProgressMeter -       chr10:25659904             14.2               6250040         440456.9
01:16:42.481 INFO  ProgressMeter -       chr10:30196851             16.2               6274440         387323.9
01:16:44.086 INFO  ProgressMeter -       chr10:42616215             20.2               6331610         313445.5
01:16:45.993 INFO  ProgressMeter -       chr10:34060681             17.4               6294110         362540.6
01:16:48.250 INFO  ProgressMeter -       chr10:29104852             15.4               6268470         407630.7
01:16:48.304 INFO  ProgressMeter -       chr10:26031941             14.4               6252080         435470.1
01:16:52.612 INFO  ProgressMeter -       chr10:30663427             16.4               6276910         383479.3
01:16:54.899 INFO  ProgressMeter -       chr10:42637020             20.4               6331740         310679.9
01:16:55.996 INFO  ProgressMeter -       chr10:34788905             17.5               6297440         359281.9
01:16:58.252 INFO  ProgressMeter -       chr10:29536217             15.5               6270920         403416.9
01:16:58.378 INFO  ProgressMeter -       chr10:26350219             14.5               6253810         430555.4
01:17:02.694 INFO  ProgressMeter -       chr10:31088568             16.5               6279250         379724.1
01:17:06.005 INFO  ProgressMeter -       chr10:35435648             17.7               6300530         356069.4
01:17:06.239 INFO  ProgressMeter -       chr10:42648796             20.6               6331820         307829.2
01:17:08.258 INFO  ProgressMeter -       chr10:29971009             15.7               6273320         399287.6
01:17:08.406 INFO  ProgressMeter -       chr10:26730900             14.7               6255890         425799.1
01:17:12.713 INFO  ProgressMeter -       chr10:31649976             16.7               6281990         376092.0
01:17:16.006 INFO  ProgressMeter -       chr10:36231892             17.9               6303920         352936.4
01:17:17.478 INFO  ProgressMeter -       chr10:42658138             20.8               6331880         305054.1
01:17:18.267 INFO  ProgressMeter -       chr10:30463364             15.9               6275790         395248.2
01:17:18.457 INFO  ProgressMeter -       chr10:27155885             14.9               6258170         421152.4
01:17:22.738 INFO  ProgressMeter -       chr10:32269114             16.9               6284920         372540.9
01:17:26.036 INFO  ProgressMeter -       chr10:36708659             18.0               6306490         349806.4
01:17:27.912 INFO  ProgressMeter -       chr10:42679989             20.9               6332030         302526.7
01:17:28.276 INFO  ProgressMeter -       chr10:30881871             16.0               6278130         391284.7
01:17:28.465 INFO  ProgressMeter -       chr10:27528620             15.0               6260350         416622.5
01:17:32.750 INFO  ProgressMeter -       chr10:32680031             17.0               6287210         369026.6
01:17:36.057 INFO  ProgressMeter -       chr10:37094190             18.2               6308730         346718.6
01:17:37.942 INFO  ProgressMeter -       chr10:42742282             21.1               6332440         300149.1
01:17:38.282 INFO  ProgressMeter -       chr10:31326843             16.2               6280590         387411.3
01:17:38.490 INFO  ProgressMeter -       chr10:28009094             15.2               6262810         412202.8
01:17:42.764 INFO  ProgressMeter -       chr10:33155854             17.2               6289750         365594.2
01:17:46.082 INFO  ProgressMeter -       chr10:37902779             18.4               6312250         343755.5
01:17:48.294 INFO  ProgressMeter -       chr10:32083655             16.4               6283930         383668.3
01:17:48.465 INFO  ProgressMeter -       chr10:42767712             21.3               6332630         297683.5
01:17:48.509 INFO  ProgressMeter -       chr10:28495510             15.4               6265280         407883.0
01:17:52.828 INFO  ProgressMeter -       chr10:33676873             17.4               6292360         362214.5
01:17:56.125 INFO  ProgressMeter -       chr10:38512231             18.5               6315230         340811.1
01:17:58.478 INFO  ProgressMeter -       chr10:42924539             21.4               6333610         295412.1
01:17:58.493 INFO  ProgressMeter -       chr10:32470844             16.5               6286170         379862.7
01:17:58.523 INFO  ProgressMeter -       chr10:28952990             15.5               6267600         403647.7
01:18:02.855 INFO  ProgressMeter -       chr10:34291428             17.5               6295280         358929.7
01:18:06.141 INFO  ProgressMeter -       chr10:38788444             18.7               6316790         337851.7
01:18:08.485 INFO  ProgressMeter -       chr10:43449585             21.6               6336210         293252.3
01:18:08.531 INFO  ProgressMeter -       chr10:32964841             16.7               6288770         376216.4
01:18:08.549 INFO  ProgressMeter -       chr10:29332363             15.7               6269800         399490.3
01:18:12.862 INFO  ProgressMeter -       chr10:34992632             17.7               6298440         355727.2
01:18:16.367 INFO  ProgressMeter -       chr10:38895343             18.9               6317380         334831.0
01:18:18.493 INFO  ProgressMeter -       chr10:44106361             21.8               6339400         291152.1
01:18:18.545 INFO  ProgressMeter -       chr10:33476179             16.9               6291280         372645.8
01:18:18.560 INFO  ProgressMeter -       chr10:29758662             15.9               6272150         395436.1
01:18:22.874 INFO  ProgressMeter -       chr10:35893642             17.9               6302260         352619.7
01:18:26.489 INFO  ProgressMeter -       chr10:38939763             19.0               6317710         331881.1
01:18:28.519 INFO  ProgressMeter -       chr10:44604197             21.9               6341840         289045.9
01:18:28.585 INFO  ProgressMeter -       chr10:34073867             17.1               6294180         369159.0
01:18:28.591 INFO  ProgressMeter -       chr10:30237246             16.0               6274620         391465.6
01:18:32.886 INFO  ProgressMeter -       chr10:36463378             18.0               6305120         349516.5
01:18:36.924 INFO  ProgressMeter -       chr10:38978162             19.2               6318020         328892.5
01:18:38.597 INFO  ProgressMeter -       chr10:45060646             22.1               6344340         286963.0
01:18:38.619 INFO  ProgressMeter -       chr10:34804858             17.2               6297510         365766.4
01:18:38.646 INFO  ProgressMeter -       chr10:30665000             16.2               6276930         387557.7
01:18:42.886 INFO  ProgressMeter -       chr10:36893049             18.2               6307490         346447.0
01:18:47.276 INFO  ProgressMeter -       chr10:39059835             19.4               6318650         325997.4
01:18:48.626 INFO  ProgressMeter -       chr10:45978636             22.3               6348300         284987.5
01:18:48.642 INFO  ProgressMeter -       chr10:35457138             17.4               6300610         362430.0
01:18:48.650 INFO  ProgressMeter -       chr10:31065104             16.4               6279120         383742.4
01:18:52.900 INFO  ProgressMeter -       chr10:37258450             18.4               6309550         343412.1
01:18:58.648 INFO  ProgressMeter -       chr10:36236969             17.6               6303940         359176.0
01:18:58.656 INFO  ProgressMeter -       chr10:31594810             16.5               6281790         380032.4
01:18:58.659 INFO  ProgressMeter -       chr10:49541457             22.4               6361420         283448.7
01:18:59.285 INFO  ProgressMeter -       chr10:42356386             19.6               6330110         323250.7
01:19:02.928 INFO  ProgressMeter -       chr10:38117654             18.5               6313210         340513.7
01:19:08.654 INFO  ProgressMeter -       chr10:36719893             17.7               6306540         355942.1
01:19:08.657 INFO  ProgressMeter -       chr10:32192738             16.7               6284500         376400.8
01:19:08.682 INFO  ProgressMeter -       chr10:49997919             22.6               6363830         281461.1
01:19:09.385 INFO  ProgressMeter -       chr10:42371674             19.8               6330210         320500.7
01:19:13.413 INFO  ProgressMeter -       chr10:38564257             18.7               6315530         337458.2
01:19:18.676 INFO  ProgressMeter -       chr10:37100267             17.9               6308770         352742.5
01:19:18.678 INFO  ProgressMeter -       chr10:32589646             16.9               6286740         372805.7
01:19:18.729 INFO  ProgressMeter -       chr10:50455119             22.8               6366090         279491.1
01:19:22.839 INFO  ProgressMeter -       chr10:42385871             20.0               6330310         316907.9
01:19:24.150 INFO  ProgressMeter -       chr10:38817230             18.9               6317010         334340.4
01:19:28.709 INFO  ProgressMeter -       chr10:33058079             17.0               6289260         369294.3
01:19:28.733 INFO  ProgressMeter -       chr10:37909445             18.1               6312290         349662.3
01:19:28.772 INFO  ProgressMeter -       chr10:50990493             22.9               6368810         277570.8
01:19:34.271 INFO  ProgressMeter -       chr10:38912573             19.1               6317510         331408.0
01:19:36.004 INFO  ProgressMeter -       chr10:42391167             20.2               6330350         313466.7
01:19:38.719 INFO  ProgressMeter -       chr10:33552020             17.2               6291740         365855.9
01:19:38.733 INFO  ProgressMeter -       chr10:38538410             18.2               6315370         346632.7
01:19:38.772 INFO  ProgressMeter -       chr10:97344253             23.1               6523620         282267.5
01:19:44.422 INFO  ProgressMeter -       chr10:38954795             19.2               6317830         328509.3
01:19:47.554 INFO  ProgressMeter -       chr10:42396343             20.4               6330390         310508.8
01:19:48.738 INFO  ProgressMeter -       chr10:34206063             17.4               6294880         362518.2
01:19:48.772 INFO  ProgressMeter -       chr11:17672401             23.3               6709830         288245.8
01:19:48.841 INFO  ProgressMeter -       chr10:38812303             18.4               6316970         343543.9
01:19:54.443 INFO  ProgressMeter -       chr10:38988032             19.4               6318100         325694.8
01:19:58.565 INFO  ProgressMeter -       chr10:42528957             20.6               6331180         307777.1
01:19:58.763 INFO  ProgressMeter -       chr10:34891768             17.5               6297920         359236.6
01:19:58.772 INFO  ProgressMeter -       chr11:77156401             23.4               6908110         294654.0
01:19:58.946 INFO  ProgressMeter -       chr10:38905580             18.6               6317450         340452.0
01:20:04.709 INFO  ProgressMeter -       chr10:39067582             19.6               6318710         322878.5
01:20:08.772 INFO  ProgressMeter -      chr11:133742401             23.6               7096730         300562.6
01:20:08.773 INFO  ProgressMeter -       chr10:35631288             17.7               6301270         356039.5
01:20:08.965 INFO  ProgressMeter -       chr10:38945205             18.7               6317760         337431.9
01:20:10.598 INFO  ProgressMeter -       chr10:42597758             20.8               6331480         304819.9
01:20:15.611 INFO  ProgressMeter -       chr10:42357681             19.8               6330120         320485.9
01:20:18.772 INFO  ProgressMeter -       chr12:58105801             23.8               7294630         306778.7
01:20:18.780 INFO  ProgressMeter -       chr10:36352274             17.9               6304590         352901.4
01:20:19.094 INFO  ProgressMeter -       chr10:38981489             18.9               6318050         334432.0
01:20:21.232 INFO  ProgressMeter -       chr10:42616215             20.9               6331610         302247.2
01:20:26.399 INFO  ProgressMeter -       chr10:42379276             19.9               6330260         317601.8
01:20:28.772 INFO  ProgressMeter -      chr12:115744801             23.9               7486760         312667.3
01:20:28.820 INFO  ProgressMeter -       chr10:36832412             18.0               6307110         349766.4
01:20:29.471 INFO  ProgressMeter -       chr10:39067582             19.1               6318710         331432.7
01:20:32.158 INFO  ProgressMeter -       chr10:42637020             21.1               6331740         299648.6
01:20:38.077 INFO  ProgressMeter -       chr10:42385871             20.1               6330310         314532.9
01:20:38.772 INFO  ProgressMeter -       chr13:40044901             24.1               7680600         318545.3
01:20:38.852 INFO  ProgressMeter -       chr10:37148886             18.2               6309030         346658.6
01:20:39.884 INFO  ProgressMeter -       chr10:42357681             19.2               6330120         329036.0
01:20:43.506 INFO  ProgressMeter -       chr10:42648796             21.3               6331820         296994.1
01:20:48.772 INFO  ProgressMeter -       chr13:99186901             24.3               7877740         324478.6
01:20:48.852 INFO  ProgressMeter -       chr10:37898230             18.4               6312220         343686.5
01:20:50.161 INFO  ProgressMeter -       chr10:42379276             19.4               6330260         326139.6
01:20:50.784 INFO  ProgressMeter -       chr10:42391167             20.3               6330350         311259.5
01:20:55.116 INFO  ProgressMeter -       chr10:42658138             21.5               6331880         294325.6
01:20:58.772 INFO  ProgressMeter -       chr14:42429901             24.4               8072450         330231.6
01:20:58.860 INFO  ProgressMeter -       chr10:38512231             18.5               6315230         340755.6
01:21:01.178 INFO  ProgressMeter -       chr10:42396343             20.5               6330390         308632.9
01:21:01.364 INFO  ProgressMeter -       chr10:42385871             19.6               6330310         323034.6
01:21:05.689 INFO  ProgressMeter -       chr10:42678803             21.7               6332020         291940.8
01:21:08.772 INFO  ProgressMeter -      chr14:101721901             24.6               8270090         336025.7
01:21:08.870 INFO  ProgressMeter -       chr10:38750306             18.7               6316550         337786.1
01:21:12.927 INFO  ProgressMeter -       chr10:42528957             20.7               6331180         305752.2
01:21:14.397 INFO  ProgressMeter -       chr10:42391167             19.8               6330350         319495.2
01:21:15.964 INFO  ProgressMeter -       chr10:42735642             21.9               6332400         289671.2
01:21:18.772 INFO  ProgressMeter -       chr15:53646301             24.8               8467670         341739.4
01:21:18.942 INFO  ProgressMeter -       chr10:38890674             18.9               6317340         334822.7
01:21:24.042 INFO  ProgressMeter -       chr10:42597758             20.9               6331480         303055.5
01:21:24.647 INFO  ProgressMeter -       chr10:42397824             20.0               6330400         316766.5
01:21:26.143 INFO  ProgressMeter -       chr10:42763670             22.0               6332600         287449.6
01:21:28.772 INFO  ProgressMeter -       chr16:10001701             24.9               8663960         347325.1
01:21:29.116 INFO  ProgressMeter -       chr10:38935581             19.0               6317680         331858.3
01:21:34.906 INFO  ProgressMeter -       chr10:42617577             21.1               6331620         300458.2
01:21:36.149 INFO  ProgressMeter -       chr10:42901926             22.2               6333480         285329.6
01:21:37.569 INFO  ProgressMeter -       chr10:42530458             20.2               6331190         313428.4
01:21:38.772 INFO  ProgressMeter -       chr16:68636701             25.1               8859410         352803.1
01:21:39.166 INFO  ProgressMeter -       chr10:38966093             19.2               6317920         328976.7
01:21:45.302 INFO  ProgressMeter -       chr10:42637020             21.2               6331740         298013.8
01:21:46.181 INFO  ProgressMeter -       chr10:43401493             22.4               6335990         283308.6
01:21:48.108 INFO  ProgressMeter -       chr10:42600158             20.4               6331500         310741.6
01:21:48.772 INFO  ProgressMeter -       chr17:38083801             25.3               9058750         358362.9
01:21:49.297 INFO  ProgressMeter -       chr10:39017358             19.4               6318320         326129.8
01:21:56.193 INFO  ProgressMeter -       chr10:44090090             22.5               6339330         281358.7
01:21:57.235 INFO  ProgressMeter -       chr10:42648796             21.4               6331820         295253.5
01:21:58.483 INFO  ProgressMeter -       chr10:42625290             20.5               6331670         308135.0
01:21:58.772 INFO  ProgressMeter -       chr18:14977501             25.4               9252380         363625.3
01:21:59.349 INFO  ProgressMeter -       chr10:39096879             19.5               6318950         323366.3
01:22:06.208 INFO  ProgressMeter -       chr10:44687204             22.7               6342260         279418.7
01:22:08.772 INFO  ProgressMeter -       chr18:74329501             25.6               9450220         368983.7
01:22:09.400 INFO  ProgressMeter -       chr10:42658138             21.6               6331880         292491.0
01:22:10.324 INFO  ProgressMeter -       chr10:42641448             20.7               6331770         305208.5
01:22:10.492 INFO  ProgressMeter -       chr10:42359551             19.7               6330130         320888.5
01:22:16.235 INFO  ProgressMeter -       chr10:45090116             22.9               6344510         277474.9
01:22:18.772 INFO  ProgressMeter -       chr20:55649101             25.8               9648210         374278.6
01:22:19.933 INFO  ProgressMeter -       chr10:42678803             21.8               6332020         290144.6
01:22:21.123 INFO  ProgressMeter -       chr10:42381987             19.9               6330280         318039.5
01:22:22.917 INFO  ProgressMeter -       chr10:42654824             21.0               6331860         302156.0
01:22:26.256 INFO  ProgressMeter -       chr10:46133506             23.0               6348970         275656.5
01:22:28.772 INFO  ProgressMeter -        chrY:47031301             25.9               9829570         378864.5
01:22:30.032 INFO  ProgressMeter -       chr10:42721906             22.0               6332300         287936.7
01:22:32.064 INFO  ProgressMeter -       chr10:42385871             20.1               6330310         315153.8
01:22:33.176 INFO  ProgressMeter -       chr10:42670822             21.1               6331970         299715.8
01:22:36.262 INFO  ProgressMeter -       chr10:49670380             23.2               6362050         274238.7
01:22:38.772 INFO  ProgressMeter -       chr19:40337701             26.1              10005170         383171.3
01:22:40.682 INFO  ProgressMeter -       chr10:42761289             22.2               6332580         285644.0
01:22:43.067 INFO  ProgressMeter -       chr10:42390063             20.3               6330340         312304.0
01:22:43.841 INFO  ProgressMeter -       chr10:42708379             21.3               6332220         297226.9
01:22:46.271 INFO  ProgressMeter -       chr10:50122485             23.4               6364500         272385.7
01:22:48.772 INFO  ProgressMeter -       chr22:40062601             26.3              10201350         388206.6
01:22:50.691 INFO  ProgressMeter -       chr10:42867531             22.3               6333280         283542.2
01:22:54.258 INFO  ProgressMeter -       chr10:42759955             21.5               6332570         294840.8
01:22:54.979 INFO  ProgressMeter -       chr10:42395038             20.5               6330380         309276.8
01:22:56.294 INFO  ProgressMeter -       chr10:50595974             23.5               6366800         270549.8
01:22:58.772 INFO  ProgressMeter -       chr21:46030801             26.4              10392260         392979.1
01:23:00.812 INFO  ProgressMeter -       chr10:43396768             22.5               6335960         281536.1
01:23:04.290 INFO  ProgressMeter -       chr10:42854445             21.6               6333200         292592.1
01:23:05.015 INFO  ProgressMeter -       chr10:42481407             20.6               6330890         306794.6
01:23:06.294 INFO  ProgressMeter -       chr10:56073253             23.7               6386050         269459.5
01:23:08.772 INFO  ProgressMeter - chr5_gl339449_alt:419701             26.6              10590950         397984.2
01:23:10.823 INFO  ProgressMeter -       chr10:43979471             22.7               6338810         279589.7
01:23:14.355 INFO  ProgressMeter -       chr10:43340608             21.8               6335620         290453.1
01:23:15.306 INFO  ProgressMeter -       chr10:42537238             20.8               6331240         304282.7
01:23:16.294 INFO  ProgressMeter -      chr10:103020253             23.9               6542540         274134.7
01:23:18.772 INFO  ProgressMeter - chrX_jh806587_fix:2989801             26.8              10787560         402849.3
01:23:20.863 INFO  ProgressMeter -       chr10:44602871             22.8               6341830         277673.4
01:23:23.138 INFO  HaplotypeCaller - 2705981 read(s) filtered by: MappingQualityReadFilter 
0 read(s) filtered by: MappingQualityAvailableReadFilter 
0 read(s) filtered by: MappedReadFilter 
0 read(s) filtered by: NotSecondaryAlignmentReadFilter 
0 read(s) filtered by: NotDuplicateReadFilter 
0 read(s) filtered by: PassesVendorQualityCheckReadFilter 
0 read(s) filtered by: NonZeroReferenceLengthAlignmentReadFilter 
0 read(s) filtered by: GoodCigarReadFilter 
167342 read(s) filtered by: WellformedReadFilter 
2873323 total reads filtered
01:23:23.139 INFO  ProgressMeter -          chrMT:15601             26.9              10863303         404578.2
01:23:23.139 INFO  ProgressMeter - Traversal complete. Processed 10863303 total regions in 26.9 minutes.
01:23:23.163 INFO  VectorLoglessPairHMM - Time spent in setup for JNI call : 2.074656885
01:23:23.163 INFO  PairHMM - Total compute time in PairHMM computeLogLikelihoods() : 70.061067053
01:23:23.163 INFO  SmithWatermanAligner - Total compute time in java Smith-Waterman : 300.98 sec
01:23:23.164 INFO  HaplotypeCaller - Shutting down engine
[June 13, 2025 at 1:23:23 AM IRDT] org.broadinstitute.hellbender.tools.walkers.haplotypecaller.HaplotypeCaller done. Elapsed time: 26.86 minutes.
Runtime.totalMemory()=5075107840
Using GATK jar /home/bahonar/miniconda3/envs/SingleCellSim/share/gatk4-4.3.0.0-0/gatk-package-4.3.0.0-local.jar
Running:
    java -Dsamjdk.use_async_io_read_samtools=false -Dsamjdk.use_async_io_write_samtools=true -Dsamjdk.use_async_io_write_tribble=false -Dsamjdk.compression_level=2 -jar /home/bahonar/miniconda3/envs/SingleCellSim/share/gatk4-4.3.0.0-0/gatk-package-4.3.0.0-local.jar HaplotypeCaller -R /home/bahonar/reference/chr10_hg19/hg19_chr10.fa -I /home/bahonar/bahonar_work/SRP178894/bulk_SRR8438299/trimmed/SRR8438299_trimmed_sort_chr10_rg.bam -O /home/bahonar/bahonar_work/SRP178894/haplotypecaller/homo_test/SRR8438253_chr10_bulk.vcf --standard-min-confidence-threshold-for-calling 30.0 --dont-use-soft-clipped-bases --native-pair-hmm-threads 5

CondaError: Run 'conda init' before 'conda activate'

Bulk variant calling completed: /home/bahonar/bahonar_work/SRP178894/haplotypecaller/homo_test/SRR8438253_chr10_bulk.vcf
Traceback (most recent call last):
  File "evaluation/test_gatk_haplo/hom_snps.py", line 107, in <module>
    main()
  File "evaluation/test_gatk_haplo/hom_snps.py", line 101, in main
    extract_homozygous_snps(bulk_vcf, bulk_hom_vcf)
  File "evaluation/test_gatk_haplo/hom_snps.py", line 40, in extract_homozygous_snps
    subprocess.run(shell_cmd, shell=True, executable='/bin/bash', check=True)
  File "/home/bahonar/miniconda3/envs/SingleCellSim/lib/python3.8/subprocess.py", line 516, in run
    raise CalledProcessError(retcode, process.args,
subprocess.CalledProcessError: Command '
    conda activate bcftools &&     bcftools view -g hom -v snps -o /home/bahonar/bahonar_work/SRP178894/haplotypecaller/homo_test/SRR8438253_chr10_bulk_hom.vcf -O v /home/bahonar/bahonar_work/SRP178894/haplotypecaller/homo_test/SRR8438253_chr10_bulk.vcf
    ' returned non-zero exit status 1.
01:23:24.368 INFO  ProgressMeter -       chr10:43974948             22.0               6338790         288391.8
01:23:25.783 INFO  ProgressMeter -       chr10:42606436             21.0               6331540         301764.4
01:23:26.294 INFO  ProgressMeter -       chr11:22118401             24.0               6724650         279811.1
01:23:31.054 INFO  ProgressMeter -       chr10:45063292             23.0               6344360         275733.6
01:23:34.389 INFO  ProgressMeter -       chr10:44604197             22.1               6341840         286354.7
01:23:36.103 INFO  ProgressMeter -       chr10:42626898             21.2               6331680         299317.4
01:23:36.294 INFO  ProgressMeter -       chr11:75566401             24.2               6902810         285246.2
01:23:41.056 INFO  ProgressMeter -       chr10:46035174             23.2               6348560         273931.6
01:23:44.393 INFO  ProgressMeter -       chr10:45067260             22.3               6344390         284329.5
01:23:46.294 INFO  ProgressMeter -      chr11:130025401             24.4               7084340         290745.2
01:23:46.751 INFO  ProgressMeter -       chr10:42641448             21.3               6331770         296831.4
01:23:51.092 INFO  ProgressMeter -       chr10:49539667             23.3               6361410         272519.2
01:23:54.398 INFO  ProgressMeter -       chr10:46098683             22.5               6348820         282417.3
01:23:56.294 INFO  ProgressMeter -       chr12:48673801             24.5               7263190         296060.2
01:23:56.959 INFO  ProgressMeter -       chr10:42653105             21.5               6331850         294486.4
01:24:01.163 INFO  ProgressMeter -       chr10:50003644             23.5               6363870         270678.2
01:24:04.412 INFO  ProgressMeter -       chr10:49581453             22.6               6361610         280900.9
01:24:06.294 INFO  ProgressMeter -      chr12:103975801             24.7               7447530         301525.7
01:24:08.368 INFO  ProgressMeter -       chr10:42661154             21.7               6331900         291907.2
01:24:11.191 INFO  ProgressMeter -       chr10:50498439             23.7               6366360         268872.7
01:24:14.432 INFO  ProgressMeter -       chr10:50042357             22.8               6364100         278953.7
01:24:16.294 INFO  ProgressMeter -       chr13:25767901             24.9               7633010         306963.9
01:24:18.915 INFO  ProgressMeter -       chr10:42697331             21.9               6332150         289572.1
01:24:21.191 INFO  ProgressMeter -       chr10:52893253             23.8               6375450         267374.6
01:24:24.454 INFO  ProgressMeter -       chr10:50616254             23.0               6366880         277047.1
01:24:26.294 INFO  ProgressMeter -       chr13:83580901             25.0               7825720         312618.4
01:24:29.022 INFO  ProgressMeter -       chr10:42748569             22.0               6332490         287373.9
01:24:31.191 INFO  ProgressMeter -      chr10:100110253             24.0               6532840         272073.6
01:24:34.454 INFO  ProgressMeter -       chr10:60216253             23.1               6399860         276477.1
01:24:36.294 INFO  ProgressMeter -       chr14:24240901             25.2               8011820         317935.9
01:24:39.140 INFO  ProgressMeter -       chr10:42778783             22.2               6332700         285200.9
01:24:41.191 INFO  ProgressMeter -       chr11:18059401             24.2               6711120         277571.7
01:24:44.454 INFO  ProgressMeter -      chr10:108417253             23.3               6560530         281392.1
01:24:46.294 INFO  ProgressMeter -       chr14:82548901             25.4               8206180         323509.1
01:24:49.181 INFO  ProgressMeter -       chr10:43024374             22.4               6334130         283131.4
01:24:51.191 INFO  ProgressMeter -       chr11:73268401             24.3               6895150         283230.8
01:24:54.454 INFO  ProgressMeter -       chr11:22307401             23.5               6725280         286411.1
01:24:56.294 INFO  ProgressMeter -       chr15:31671301             25.5               8394420         328769.8
01:24:59.226 INFO  ProgressMeter -       chr10:43653991             22.5               6337180         281163.6
01:25:01.191 INFO  ProgressMeter -      chr11:124862401             24.5               7067130         288321.3
01:25:04.454 INFO  ProgressMeter -       chr11:73607401             23.6               6896280         291623.6
01:25:06.294 INFO  ProgressMeter -       chr15:89091301             25.7               8585820         334085.3
01:25:09.302 INFO  ProgressMeter -       chr10:44296066             22.7               6340230         279218.6
01:25:11.191 INFO  ProgressMeter -       chr12:44398801             24.7               7248940         293741.4
01:25:14.454 INFO  ProgressMeter -      chr11:122246401             23.8               7058410         296390.7
01:25:16.294 INFO  ProgressMeter -       chr16:43733701             25.9               8776400         339300.6
01:25:19.313 INFO  ProgressMeter -       chr10:44808808             22.9               6342870         277297.5
01:25:21.191 INFO  ProgressMeter -       chr12:98266801             24.8               7428500         298998.2
01:25:24.454 INFO  ProgressMeter -       chr12:37066801             24.0               7224500         301256.6
01:25:26.294 INFO  ProgressMeter -       chr17:10774801             26.0               8967720         344477.5
01:25:29.340 INFO  ProgressMeter -       chr10:45390429             23.0               6345740         275410.6
01:25:31.191 INFO  ProgressMeter -       chr13:17310901             25.0               7604820         304055.4
01:25:34.454 INFO  ProgressMeter -       chr12:89221801             24.1               7398350         306376.7
01:25:36.294 INFO  ProgressMeter -       chr17:68842801             26.2               9161280         349674.1
01:25:39.371 INFO  ProgressMeter -       chr10:47644654             23.2               6354390         273799.3
01:25:41.191 INFO  ProgressMeter -       chr13:72795901             25.2               7789770         309388.4
01:25:44.454 INFO  ProgressMeter -        chr13:4587901             24.3               7562410         311024.1
01:25:46.294 INFO  ProgressMeter -       chr18:45664501             26.4               9354670         354798.5
01:25:49.404 INFO  ProgressMeter -       chr10:49759329             23.4               6362540         272189.6
01:25:51.191 INFO  ProgressMeter -        chr14:8529901             25.3               7959450         314048.7
01:25:54.454 INFO  ProgressMeter -       chr13:57051901             24.5               7737290         316050.1
01:25:56.294 INFO  ProgressMeter -       chr20:25595101             26.5               9548030         359857.4
01:25:59.406 INFO  ProgressMeter -       chr10:50202904             23.5               6364940         270364.0
01:26:01.191 INFO  ProgressMeter -       chr14:60171901             25.5               8131590         318744.6
01:26:04.454 INFO  ProgressMeter -      chr13:107988901             24.6               7907080         320801.6
01:26:06.294 INFO  ProgressMeter -        chrY:20667301             26.7               9741690         364864.4
01:26:09.409 INFO  ProgressMeter -       chr10:50792537             23.7               6367760         268581.8
01:26:11.191 INFO  ProgressMeter -        chr15:5874301             25.7               8308430         323562.6
01:26:14.454 INFO  ProgressMeter -       chr14:44655901             24.8               8079870         325610.2
01:26:16.294 INFO  ProgressMeter -       chr19:18446701             26.9               9932200         369692.0
01:26:19.409 INFO  ProgressMeter -       chr10:78858253             23.9               6462000         270654.0
01:26:21.191 INFO  ProgressMeter -       chr15:61518301             25.8               8493910         328652.8
01:26:24.454 INFO  ProgressMeter -       chr14:96921901             25.0               8254090         330411.8
01:26:26.294 INFO  ProgressMeter -       chr22:18153601             27.0              10128320         374667.6
01:26:29.409 INFO  ProgressMeter -         chr11:218401             24.0               6651650         276666.0
01:26:31.191 INFO  ProgressMeter -       chr16:12902701             26.0               8673630         333456.2
01:26:34.454 INFO  ProgressMeter -       chr15:41571301             25.1               8427420         335114.5
01:26:36.294 INFO  ProgressMeter -       chr21:25735801             27.2              10324610         379588.5
01:26:39.409 INFO  ProgressMeter -       chr11:57776401             24.2               6843510         282686.5
01:26:41.191 INFO  ProgressMeter -       chr16:68972701             26.2               8860530         338472.8
01:26:44.454 INFO  ProgressMeter -       chr15:94359301             25.3               8603380         339859.1
01:26:46.294 INFO  ProgressMeter - chr9_gl000200_random:30901             27.4              10521020         384453.8
01:26:49.409 INFO  ProgressMeter -      chr11:117677401             24.4               7043180         288945.0
01:26:51.191 INFO  ProgressMeter -       chr17:33829801             26.3               9044570         343317.4
01:26:54.454 INFO  ProgressMeter -       chr16:42959701             25.5               8773820         344325.0
01:26:56.294 INFO  ProgressMeter - chr18_gl383569_alt:2101             27.5              10715550         389191.9
01:26:59.409 INFO  ProgressMeter -       chr12:42823801             24.5               7243690         295152.8
01:27:01.191 INFO  ProgressMeter -        chr18:8242501             26.5               9229930         348150.8
01:27:03.886 INFO  HaplotypeCaller - 2705981 read(s) filtered by: MappingQualityReadFilter 
0 read(s) filtered by: MappingQualityAvailableReadFilter 
0 read(s) filtered by: MappedReadFilter 
0 read(s) filtered by: NotSecondaryAlignmentReadFilter 
0 read(s) filtered by: NotDuplicateReadFilter 
0 read(s) filtered by: PassesVendorQualityCheckReadFilter 
0 read(s) filtered by: NonZeroReferenceLengthAlignmentReadFilter 
0 read(s) filtered by: GoodCigarReadFilter 
167342 read(s) filtered by: WellformedReadFilter 
2873323 total reads filtered
01:27:03.886 INFO  ProgressMeter -          chrMT:15601             27.7              10863303         392753.4
01:27:03.886 INFO  ProgressMeter - Traversal complete. Processed 10863303 total regions in 27.7 minutes.
01:27:03.912 INFO  VectorLoglessPairHMM - Time spent in setup for JNI call : 1.9875061420000002
01:27:03.912 INFO  PairHMM - Total compute time in PairHMM computeLogLikelihoods() : 69.64243856200001
01:27:03.913 INFO  SmithWatermanAligner - Total compute time in java Smith-Waterman : 298.01 sec
01:27:03.914 INFO  HaplotypeCaller - Shutting down engine
[June 13, 2025 at 1:27:03 AM IRDT] org.broadinstitute.hellbender.tools.walkers.haplotypecaller.HaplotypeCaller done. Elapsed time: 27.67 minutes.
Runtime.totalMemory()=4320133120
Using GATK jar /home/bahonar/miniconda3/envs/SingleCellSim/share/gatk4-4.3.0.0-0/gatk-package-4.3.0.0-local.jar
Running:
    java -Dsamjdk.use_async_io_read_samtools=false -Dsamjdk.use_async_io_write_samtools=true -Dsamjdk.use_async_io_write_tribble=false -Dsamjdk.compression_level=2 -jar /home/bahonar/miniconda3/envs/SingleCellSim/share/gatk4-4.3.0.0-0/gatk-package-4.3.0.0-local.jar HaplotypeCaller -R /home/bahonar/reference/chr10_hg19/hg19_chr10.fa -I /home/bahonar/bahonar_work/SRP178894/bulk_SRR8438299/trimmed/SRR8438299_trimmed_sort_chr10_rg.bam -O /home/bahonar/bahonar_work/SRP178894/haplotypecaller/homo_test/SRR8438257_chr10_bulk.vcf --standard-min-confidence-threshold-for-calling 30.0 --dont-use-soft-clipped-bases --native-pair-hmm-threads 5
01:27:04.454 INFO  ProgressMeter -        chr17:4603801             25.6               8947150         348845.6

CondaError: Run 'conda init' before 'conda activate'

Bulk variant calling completed: /home/bahonar/bahonar_work/SRP178894/haplotypecaller/homo_test/SRR8438257_chr10_bulk.vcf
Traceback (most recent call last):
  File "evaluation/test_gatk_haplo/hom_snps.py", line 107, in <module>
    main()
  File "evaluation/test_gatk_haplo/hom_snps.py", line 101, in main
    extract_homozygous_snps(bulk_vcf, bulk_hom_vcf)
  File "evaluation/test_gatk_haplo/hom_snps.py", line 40, in extract_homozygous_snps
    subprocess.run(shell_cmd, shell=True, executable='/bin/bash', check=True)
  File "/home/bahonar/miniconda3/envs/SingleCellSim/lib/python3.8/subprocess.py", line 516, in run
    raise CalledProcessError(retcode, process.args,
subprocess.CalledProcessError: Command '
    conda activate bcftools &&     bcftools view -g hom -v snps -o /home/bahonar/bahonar_work/SRP178894/haplotypecaller/homo_test/SRR8438257_chr10_bulk_hom.vcf -O v /home/bahonar/bahonar_work/SRP178894/haplotypecaller/homo_test/SRR8438257_chr10_bulk.vcf
    ' returned non-zero exit status 1.
01:27:09.409 INFO  ProgressMeter -      chr12:105574801             24.7               7452860         301627.4
01:27:11.191 INFO  ProgressMeter -       chr18:65245501             26.7               9419940         353098.1
01:27:14.454 INFO  ProgressMeter -       chr17:59620801             25.8               9130540         353697.4
01:27:19.409 INFO  ProgressMeter -       chr13:34173901             24.9               7661030         307974.9
01:27:21.191 INFO  ProgressMeter -       chr20:44279101             26.8               9610310         357997.4
01:27:24.454 INFO  ProgressMeter -       chr18:34522501             26.0               9317530         358625.6
01:27:29.409 INFO  ProgressMeter -       chr13:98778901             25.0               7876380         314524.7
01:27:31.191 INFO  ProgressMeter -        chrY:38718301             27.0               9801860         362880.0
01:27:34.454 INFO  ProgressMeter -       chr20:11432101             26.1               9500820         363349.5
01:27:39.409 INFO  ProgressMeter -       chr14:47472901             25.2               8089260         320889.9
01:27:41.191 INFO  ProgressMeter -       chr19:36836701             27.2               9993500         367705.9
01:27:44.454 INFO  ProgressMeter -         chrY:3810301             26.3               9685500         368066.3
01:27:49.409 INFO  ProgressMeter -        chr15:4305301             25.4               8303200         327213.3
01:27:51.191 INFO  ProgressMeter -       chr22:35166601             27.3              10185030         372469.1
01:27:54.454 INFO  ProgressMeter -         chr19:461701             26.5               9872250         372802.0
01:27:59.409 INFO  ProgressMeter -       chr15:66264301             25.5               8509730         333164.0
01:28:01.191 INFO  ProgressMeter -       chr21:41263801             27.5              10376370         377167.6
01:28:04.454 INFO  ProgressMeter -       chr19:56432701             26.6              10058820         377471.6
01:28:09.409 INFO  ProgressMeter -       chr16:23183701             25.7               8707900         338712.4
01:28:11.191 INFO  ProgressMeter - chr1_jh636052_fix:6998701             27.7              10567070         381786.4
01:28:14.454 INFO  ProgressMeter -        chr21:1951801             26.8              10245330         382081.0
01:28:19.409 INFO  ProgressMeter -       chr16:87737701             25.9               8923080         344846.7
01:28:21.191 INFO  ProgressMeter - chr21_gl383580_alt:65401             27.8              10756920         386319.3
01:28:24.454 INFO  ProgressMeter -  chr6_cox_hap2:30601             27.0              10431900         386635.6
01:28:26.793 INFO  HaplotypeCaller - 2705981 read(s) filtered by: MappingQualityReadFilter 
0 read(s) filtered by: MappingQualityAvailableReadFilter 
0 read(s) filtered by: MappedReadFilter 
0 read(s) filtered by: NotSecondaryAlignmentReadFilter 
0 read(s) filtered by: NotDuplicateReadFilter 
0 read(s) filtered by: PassesVendorQualityCheckReadFilter 
0 read(s) filtered by: NonZeroReferenceLengthAlignmentReadFilter 
0 read(s) filtered by: GoodCigarReadFilter 
167342 read(s) filtered by: WellformedReadFilter 
2873323 total reads filtered
01:28:26.794 INFO  ProgressMeter -          chrMT:15601             27.9              10863303         388835.9
01:28:26.794 INFO  ProgressMeter - Traversal complete. Processed 10863303 total regions in 27.9 minutes.
01:28:26.818 INFO  VectorLoglessPairHMM - Time spent in setup for JNI call : 2.0510274440000003
01:28:26.819 INFO  PairHMM - Total compute time in PairHMM computeLogLikelihoods() : 65.898361353
01:28:26.819 INFO  SmithWatermanAligner - Total compute time in java Smith-Waterman : 305.96 sec
01:28:26.820 INFO  HaplotypeCaller - Shutting down engine
[June 13, 2025 at 1:28:26 AM IRDT] org.broadinstitute.hellbender.tools.walkers.haplotypecaller.HaplotypeCaller done. Elapsed time: 27.95 minutes.
Runtime.totalMemory()=4009754624
Using GATK jar /home/bahonar/miniconda3/envs/SingleCellSim/share/gatk4-4.3.0.0-0/gatk-package-4.3.0.0-local.jar
Running:
    java -Dsamjdk.use_async_io_read_samtools=false -Dsamjdk.use_async_io_write_samtools=true -Dsamjdk.use_async_io_write_tribble=false -Dsamjdk.compression_level=2 -jar /home/bahonar/miniconda3/envs/SingleCellSim/share/gatk4-4.3.0.0-0/gatk-package-4.3.0.0-local.jar HaplotypeCaller -R /home/bahonar/reference/chr10_hg19/hg19_chr10.fa -I /home/bahonar/bahonar_work/SRP178894/bulk_SRR8438299/trimmed/SRR8438299_trimmed_sort_chr10_rg.bam -O /home/bahonar/bahonar_work/SRP178894/haplotypecaller/homo_test/SRR8438260_chr10_bulk.vcf --standard-min-confidence-threshold-for-calling 30.0 --dont-use-soft-clipped-bases --native-pair-hmm-threads 5

CondaError: Run 'conda init' before 'conda activate'

Bulk variant calling completed: /home/bahonar/bahonar_work/SRP178894/haplotypecaller/homo_test/SRR8438260_chr10_bulk.vcf
Traceback (most recent call last):
  File "evaluation/test_gatk_haplo/hom_snps.py", line 107, in <module>
    main()
  File "evaluation/test_gatk_haplo/hom_snps.py", line 101, in main
    extract_homozygous_snps(bulk_vcf, bulk_hom_vcf)
  File "evaluation/test_gatk_haplo/hom_snps.py", line 40, in extract_homozygous_snps
    subprocess.run(shell_cmd, shell=True, executable='/bin/bash', check=True)
  File "/home/bahonar/miniconda3/envs/SingleCellSim/lib/python3.8/subprocess.py", line 516, in run
    raise CalledProcessError(retcode, process.args,
subprocess.CalledProcessError: Command '
    conda activate bcftools &&     bcftools view -g hom -v snps -o /home/bahonar/bahonar_work/SRP178894/haplotypecaller/homo_test/SRR8438260_chr10_bulk_hom.vcf -O v /home/bahonar/bahonar_work/SRP178894/haplotypecaller/homo_test/SRR8438260_chr10_bulk.vcf
    ' returned non-zero exit status 1.
01:28:29.409 INFO  ProgressMeter -       chr17:61798801             26.0               9137800         350884.8
01:28:34.454 INFO  ProgressMeter - chr7_jh159134_fix:3257701             27.1              10617940         391114.8
01:28:39.409 INFO  ProgressMeter -       chr18:44752501             26.2               9351630         356812.1
01:28:44.454 INFO  ProgressMeter - chrX_jh720453_fix:1396501             27.3              10801680         395455.2
01:28:47.765 INFO  HaplotypeCaller - 2705981 read(s) filtered by: MappingQualityReadFilter 
0 read(s) filtered by: MappingQualityAvailableReadFilter 
0 read(s) filtered by: MappedReadFilter 
0 read(s) filtered by: NotSecondaryAlignmentReadFilter 
0 read(s) filtered by: NotDuplicateReadFilter 
0 read(s) filtered by: PassesVendorQualityCheckReadFilter 
0 read(s) filtered by: NonZeroReferenceLengthAlignmentReadFilter 
0 read(s) filtered by: GoodCigarReadFilter 
167342 read(s) filtered by: WellformedReadFilter 
2873323 total reads filtered
01:28:47.765 INFO  ProgressMeter -          chrMT:15601             27.4              10863303         396909.3
01:28:47.765 INFO  ProgressMeter - Traversal complete. Processed 10863303 total regions in 27.4 minutes.
01:28:47.792 INFO  VectorLoglessPairHMM - Time spent in setup for JNI call : 1.8908135670000001
01:28:47.792 INFO  PairHMM - Total compute time in PairHMM computeLogLikelihoods() : 67.824910106
01:28:47.792 INFO  SmithWatermanAligner - Total compute time in java Smith-Waterman : 280.35 sec
01:28:47.793 INFO  HaplotypeCaller - Shutting down engine
[June 13, 2025 at 1:28:47 AM IRDT] org.broadinstitute.hellbender.tools.walkers.haplotypecaller.HaplotypeCaller done. Elapsed time: 27.38 minutes.
Runtime.totalMemory()=4890558464
Using GATK jar /home/bahonar/miniconda3/envs/SingleCellSim/share/gatk4-4.3.0.0-0/gatk-package-4.3.0.0-local.jar
Running:
    java -Dsamjdk.use_async_io_read_samtools=false -Dsamjdk.use_async_io_write_samtools=true -Dsamjdk.use_async_io_write_tribble=false -Dsamjdk.compression_level=2 -jar /home/bahonar/miniconda3/envs/SingleCellSim/share/gatk4-4.3.0.0-0/gatk-package-4.3.0.0-local.jar HaplotypeCaller -R /home/bahonar/reference/chr10_hg19/hg19_chr10.fa -I /home/bahonar/bahonar_work/SRP178894/bulk_SRR8438299/trimmed/SRR8438299_trimmed_sort_chr10_rg.bam -O /home/bahonar/bahonar_work/SRP178894/haplotypecaller/homo_test/SRR8438261_chr10_bulk.vcf --standard-min-confidence-threshold-for-calling 30.0 --dont-use-soft-clipped-bases --native-pair-hmm-threads 5

CondaError: Run 'conda init' before 'conda activate'

Bulk variant calling completed: /home/bahonar/bahonar_work/SRP178894/haplotypecaller/homo_test/SRR8438261_chr10_bulk.vcf
Traceback (most recent call last):
  File "evaluation/test_gatk_haplo/hom_snps.py", line 107, in <module>
    main()
  File "evaluation/test_gatk_haplo/hom_snps.py", line 101, in main
    extract_homozygous_snps(bulk_vcf, bulk_hom_vcf)
  File "evaluation/test_gatk_haplo/hom_snps.py", line 40, in extract_homozygous_snps
    subprocess.run(shell_cmd, shell=True, executable='/bin/bash', check=True)
  File "/home/bahonar/miniconda3/envs/SingleCellSim/lib/python3.8/subprocess.py", line 516, in run
    raise CalledProcessError(retcode, process.args,
subprocess.CalledProcessError: Command '
    conda activate bcftools &&     bcftools view -g hom -v snps -o /home/bahonar/bahonar_work/SRP178894/haplotypecaller/homo_test/SRR8438261_chr10_bulk_hom.vcf -O v /home/bahonar/bahonar_work/SRP178894/haplotypecaller/homo_test/SRR8438261_chr10_bulk.vcf
    ' returned non-zero exit status 1.
01:28:49.409 INFO  ProgressMeter -       chr20:31454101             26.4               9567560         362744.2
01:28:59.409 INFO  ProgressMeter -        chrY:33756301             26.5               9785320         368670.7
01:29:09.409 INFO  ProgressMeter -       chr19:39746701             26.7              10003200         374527.8
01:29:19.409 INFO  ProgressMeter -       chr22:45969601             26.9              10221040         380310.7
01:29:29.409 INFO  ProgressMeter - chr6_cox_hap2:2115601             27.0              10438850         386021.2
01:29:39.409 INFO  ProgressMeter - chr10_ke332501_fix:433201             27.2              10655920         391634.6
01:29:49.028 INFO  HaplotypeCaller - 2705981 read(s) filtered by: MappingQualityReadFilter 
0 read(s) filtered by: MappingQualityAvailableReadFilter 
0 read(s) filtered by: MappedReadFilter 
0 read(s) filtered by: NotSecondaryAlignmentReadFilter 
0 read(s) filtered by: NotDuplicateReadFilter 
0 read(s) filtered by: PassesVendorQualityCheckReadFilter 
0 read(s) filtered by: NonZeroReferenceLengthAlignmentReadFilter 
0 read(s) filtered by: GoodCigarReadFilter 
167342 read(s) filtered by: WellformedReadFilter 
2873323 total reads filtered
01:29:49.028 INFO  ProgressMeter -          chrMT:15601             27.4              10863303         396917.8
01:29:49.028 INFO  ProgressMeter - Traversal complete. Processed 10863303 total regions in 27.4 minutes.
01:29:49.051 INFO  VectorLoglessPairHMM - Time spent in setup for JNI call : 2.0776387830000003
01:29:49.052 INFO  PairHMM - Total compute time in PairHMM computeLogLikelihoods() : 69.227773166
01:29:49.052 INFO  SmithWatermanAligner - Total compute time in java Smith-Waterman : 313.27 sec
01:29:49.052 INFO  HaplotypeCaller - Shutting down engine
[June 13, 2025 at 1:29:49 AM IRDT] org.broadinstitute.hellbender.tools.walkers.haplotypecaller.HaplotypeCaller done. Elapsed time: 27.38 minutes.
Runtime.totalMemory()=5276434432
Using GATK jar /home/bahonar/miniconda3/envs/SingleCellSim/share/gatk4-4.3.0.0-0/gatk-package-4.3.0.0-local.jar
Running:
    java -Dsamjdk.use_async_io_read_samtools=false -Dsamjdk.use_async_io_write_samtools=true -Dsamjdk.use_async_io_write_tribble=false -Dsamjdk.compression_level=2 -jar /home/bahonar/miniconda3/envs/SingleCellSim/share/gatk4-4.3.0.0-0/gatk-package-4.3.0.0-local.jar HaplotypeCaller -R /home/bahonar/reference/chr10_hg19/hg19_chr10.fa -I /home/bahonar/bahonar_work/SRP178894/bulk_SRR8438299/trimmed/SRR8438299_trimmed_sort_chr10_rg.bam -O /home/bahonar/bahonar_work/SRP178894/haplotypecaller/homo_test/SRR8438262_chr10_bulk.vcf --standard-min-confidence-threshold-for-calling 30.0 --dont-use-soft-clipped-bases --native-pair-hmm-threads 5

CondaError: Run 'conda init' before 'conda activate'

Bulk variant calling completed: /home/bahonar/bahonar_work/SRP178894/haplotypecaller/homo_test/SRR8438262_chr10_bulk.vcf
Traceback (most recent call last):
  File "evaluation/test_gatk_haplo/hom_snps.py", line 107, in <module>
    main()
  File "evaluation/test_gatk_haplo/hom_snps.py", line 101, in main
    extract_homozygous_snps(bulk_vcf, bulk_hom_vcf)
  File "evaluation/test_gatk_haplo/hom_snps.py", line 40, in extract_homozygous_snps
    subprocess.run(shell_cmd, shell=True, executable='/bin/bash', check=True)
  File "/home/bahonar/miniconda3/envs/SingleCellSim/lib/python3.8/subprocess.py", line 516, in run
    raise CalledProcessError(retcode, process.args,
subprocess.CalledProcessError: Command '
    conda activate bcftools &&     bcftools view -g hom -v snps -o /home/bahonar/bahonar_work/SRP178894/haplotypecaller/homo_test/SRR8438262_chr10_bulk_hom.vcf -O v /home/bahonar/bahonar_work/SRP178894/haplotypecaller/homo_test/SRR8438262_chr10_bulk.vcf
    ' returned non-zero exit status 1.
